17033;Kaufland;Torfsteg 11
17033;E Neukauf;Marktplatz 2
17033;Netto;Gebrüder-Boll-Straße 1e
17033;Aldi;Platanenstraße 14
17033;Biomarkt NB;Friedländer Straße 1
17033;Rewe;Ludwig-van-Beethoven-Ring 6
17033;Edeka;Am Kaufhof-Süd 8
17033;Real;Mirabellenstraße 2
17034;Netto Marken-Discount;Max-Adrion-Straße 1
17034;Netto Marken-Discount;Demminer Straße 44a
17034;Netto Marken-Discount;Burgholzstraße 37
17034;Netto;Sponholzer Straße 6
17039;Nahkauf;Neubrandenburger Straße 49
17087;Netto;Fritz-Reuter-Straße 9b
17087;Edeka;Fritz-Reuter-Straße 9c
17098;Rewe;Rudolf-Breitscheid-Straße 91
17153;Edeka;Gülzower Damm 3a
17153;Aldi;Werdohler Straße 3
17153;Rewe;Werdohler Straße 3
17153;Edeka;Schultetusstraße 24A
17154;E neukauf Thimian;Am Markt 18
17166;Netto Marken-Discount;Am Bornmühlenweg 2
17166;Rewe;Fischersteig 21
17166;Frischemarkt Clasen;Malchiner Straße 26
17192;Famila;Friedrich-Wilhelm-Raiffeisen-Straße 1c
17192;ALDI;Friedrich-Wilhelm-Raiffeisen-Straße 1b
17192;Edeka;Karl-Bartels-Straße 8
17192;Rewe;Warendorfer Straße 4
17192;Edeka - Marktplatz;Neuer Markt 23
17192;Netto Marken-Discount;Friedensstraße 15
17192;Edeka Teterower Straße;Teterower Straße 29
17192;De Gaude Kost Naturwarenladen;Strandstraße 3
17194;Thomas Phillips Sonderposten;Hans-Beimler-Straße 43
17207;Aldi Nord;Warener Chaussee 11
17217;Frischemarkt Wessel;Große Straße 58
17235;Netto;Karbe-Wagner-Straße 51
17235;Aldi;Penzliner Straße 47
17235;Netto;Zierker Straße 20
17235;Edeka D. Groth;Kühlhausberg 7
17235;Penny;Wilhelm-Stolte-Straße 134
17235;Netto Marken-Discount;Wilhelm-Stolte-Straße 70
17235;Kaufland;Strelitzer Straße 24
17255;NETTO;Mirower Chaussee 5
17321;NETTO;Chausseestraße 36A
17321;Nahkauf;Chausseestraße 90A
17321;Netto Marken-Discount;Pasewalker Straße 32
17321;Bio Hofladen;Dorfstraße 56
17358;Norma;Buchenstraße 1b
17389;famila;Silostraße 2
17389;Nahkauf;Markt 7
17390;U Express;Boulevard Pasteur 14
17419;Netto Marken-Discount;Lindenstraße 76
17419;Edeka Idelberger;Seestraße 9
17424;Aldi;Labahnstraße 18
17429;Rewe;Seestraße 18
17438;Ostprodukte-Laden;Steinstraße 16
17454;Edeka;Neue Strandstraße 38
17489;Lidl;Gützkower Landstraße 12
17489;Lidl;Anklamer Straße 30
17489;Nah & Frisch;Lange Straße 40-42
17489;5 Plus;Anklamer Straße 32a
17489;Sonnenmichel;Anklamer Straße 17
17489;Pommerngrün Naturkostladen & Bio-Imbiss;Rudolf-Petershagen-Allee 18a
17489;Aldi;Bahnhofstraße 44
17489;Edeka;Bahnhofstraße 44
17489;Netto Marken-Discount;Hans-Beimler-Straße 100
17489;Norma;Feldstraße 81
17489;Netto;Loitzer Landstraße 36a
17491;Netto;Sandfuhr 1
17491;Rewe;Ernst-Thälmann-Ring 11 - 13
17491;ALDI Nord;Ernst-Thälmann-Ring 56
17491;Bio Vio Naturkosmetik & Naturkost;Gaußstraße 12
17493;Netto;Warschauer Straße 17
17493;Aldi;Fridtjof-Nansen-Straße 27
17493;Edeka Kopitzki;Rigaer Straße 9
17495;Einkaufsmarkt Bartelt;Dorfstraße 3
17506;Lidl;Greifswalder Straße 1
17506;Netto;Greifswalder Straße 9b
17509;Netto Marken-Discount;Wusterhusener Straße 17
17509;Edeka;Spandowerhagener Weg 1
18106;ALDI;Bertolt-Brecht-Straße 23
18106;Edeka;Bertolt-Brecht-Straße 23
18106;Netto Marken-Discount;Kolumbusring 61
18109;Rewe;Güstrower Straße 6a
18109;NETTO;Werftallee 20
18109;Netto Marken-Discount;Schiffbauerring 68
18147;NETTO;Pressentinstraße 63b
18184;Thomas Philipps Sonderposten;Am Handelspark 3
18225;EDEKA;Hafenstraße 1
18225;Netto Marken-Discount;Hermannstraße 19
18273;CAP-Markt;Markt 12
18437;Famila;Grünhufer Bogen 13-17
18437;Rewe;Rostocker Chaussee 16
18439;Rewe;Frankendamm 27
18439;Edeka;Ossenreyerstraße 57
18439;Real;Gustower Weg 3
18439;Aldi;Gustower Weg 3
18439;Netto Marken-Discount;Frankendamm 86
18445;Edeka;Stralsunder Straße 9a
18507;CAP-Markt;Erich-Weinert-Straße 37
18507;Netto Marken-Discount;Friedrichstraße 70
18513;Vorsicht Geschmack;Bassendorf 21a
18528;Nahkauf;Ruschwitzstraße 56
18528;PENNY;Straße der DSF 4
18546;Rewe;Rügen-Galerie 16
18551;Netto Marken-Discount;An den Boddenwiesen 11
18556;Silke's Markt;Am Wald 3
18581;Fischverkauf;Chausseestraße 8a
18586;Nah & Frisch;Hauptstraße 32
18586;Edeka;Ostbahnstraße 20
18586;Aldi;Göhrener Chaussee 1a
18586;Netto;Friedrich-von-Hagenow-Straße 1
19053;Rewe;Mecklenburgstraße 42
19053;Edeka aktiv Markt Peters;Schmiedestraße 10
19055;Aldi Nord;Güstrower Straße 34
19055;Rewe;Güstrower Straße 34
19057;Rewe;Am Margaretenhof 8
19059;Aldi Nord;Lessingstraße 31
19061;Real;Grabenstraße 1
19063;Rewe;Am Grünen Tal 21
19067;Netto;Mohnweg 1
19067;Norma;Zittower Straße 1b
19086;Netto;Banzkower Straße 52a
19089;Rewe;Gartenstraße 7
19243;Rewe;Mühlenring 3
19249;Nahkauf;Kirchenplatz 2A
19258;Norma;Bahnhofstraße 12
19258;Markant;Ringstraße 10
19273;Penny;Sumter Straße 2
19288;Famila;Christian-Ludwig-Straße 2
19288;E aktiv markt Ueltzen;Klenower Straße 59 - 61
19288;DB ServiceStore;Rudolf-Tarnow-Straße 1
19294;Penny;Dömitzer Straße 41
19294;E aktiv markt Brandt;Fritz-Reuter-Platz 3
19303;Konsum;Am Floßgraben 7
19303;Thomas Philipps Sonderposten;Am Floßgraben 7
19357;Penny;Straße des Friedens 10a
19386;Rewe;An der Brücke 1
19406;Edeka Bohnhorst;Goethestraße 14
20095;ASIA-Markt Mipoong;Rosenstraße 6
20095;Go Asia;Mönckebergstraße 16
20097;Real;Beim Strohhause 8
20099;Bio Company;Lange Reihe 29
20099;Thai Asian Supermarket;Lange Reihe 1-5
20099;Lidl;Steindamm 94
20099;Edeka Niemerszein;Lange Reihe 110
20144;Aldi;Grindelberg 27-29
20146;Edeka;Grindelallee 126
20146;Edeka Niemerszein & Co;Hallerstraße 78
20146;Netto City;Grindelhof None
20146;Netto City;Grindelallee 154-156
20148;EDEKA Niemerszein;Milchstraße 1
20249;Edeka Schlemmermarkt Struve;Eppendorfer Landstraße 41
20249;Lidl;Kümmellstraße 4-8
20249;Erdkorn;Eppendorfer Landstraße 77
20251;Netto;Hegestraße 28
20251;PENNY Markt Hoheluft;Eppendorfer Weg 261
20251;Edeka;Martinistraße 64
20253;Alnatura;Hoheluftchaussee 18
20253;Edeka;Hoheluftchaussee 54
20253;Edeka;Kaiser-Friedrich-Ufer 30
20259;Edeka;Osterstraße 86-90
20259;Aldi;Eimsbütteler Chaussee 85
20259;Aldi;Osterstraße 119
20259;Bio.lose;Osterstraße 81
20354;EDEKA Schlemmermarkt;Poststraße 33
20354;Reformhaus Engelhardt;Große Bleichen 36
20359;Penny Kiez;Reeperbahn 114
20359;Aldi;Zirkusweg 4-6
20359;Emma Markt;Davidstraße 5
20457;Edeka;Großer Burstah 31
20457;EDEKA Böcker;Überseeboulevard 4-10
20457;Alnatura;Überseeboulevard 5
20459;Rewe City;Brauerknechtgraben 47
20535;E aktiv markt Witt;Carl-Petersen-Straße 80
20535;Edeka Gillert;Marienthaler Straße 145
20537;Penny;Hammer Landstraße 220
20537;Lidl;Hübbesweg 4
20537;Rewe City;Hammer Landstraße 76
20537;Penny;Droopweg 25
20537;Rewe;Eiffestraße 664b
20539;Penny;Rothenburgsorter Marktplatz 1a
21033;Mix Markt;Friedrich-Frank-Bogen 81
21033;Aldi Nord;Friedrich-Frank-Bogen 168-172
21035;Edeka;Edith-Stein-Platz 4
21035;Edeka;Fleetplatz 2-4
21035;Penny;Fleetplatz 1-7
21035;Frischemarkt Wiesnerring;Wiesnerring 5
21035;Penny;Grachtenplatz 7
21037;Feinkost Partyservice Hillermann;Kirchenheerweg 5
21073;Lidl;Wilstorfer Straße 48
21073;Sönmez Markt;Lüneburger Straße 42
21073;Marktkauf;Seeveplatz 1
21073;Aldi;Lüneburger Straße 39
21073;Edeka;Sand 27-31
21073;Adese Internationaler Supermarkt;Rieckhoffstraße 8
21073;Viva Polonia Polnische Spezialitäten;Wilstorfer Straße 84
21073;Asian Store Spezialitäten;Wilstorfer Straße 49
21073;Dong Tien Asia-Supermarkt;Wilstorfer Straße 52
21073;Balkanische Lebensmittel;Wilstorfer Straße 76
21073;Aldi;Seeveplatz 1
21079;Markant;Gordonstraße 2
21079;Lidl;Rönneburger Straße None
21079;Rewe;Hannoversche Straße 86
21079;Nahkauf;Reeseberg 62
21079;Reformhaus Engelhardt;Hannoversche Straße 86
21109;Deichgrün Bioladen & Café;Kurt-Emmerich-Platz 2
21129;Rewe;Steendiek 16
21218;Penny-Markt;Bahnhofstraße 17
21255;Rewe;Alte Kleinbahn 1
21255;Bade;Kastanienallee 2
21255;Aldi;Unter den Linden 5 A
21255;Penny;Bahnhofstraße 36
21255;Tedi;Zinnhütte 14
21255;Futterhaus;Zinnhütte 1
21255;Uni Blinds;Zinnhütte 1
21255;Jawoll;Zinnhütte 1
21255;Lidl;Zinnhütte 10
21255;Rewe;Zinnhütte 11
21255;Uni Blinds;Bahnhofstraße 3
21255;Im Einklang Naturwaren;Lange Straße 35
21255;Dohrener Ölmühle;Hollenstedter Straße 29
21255;Hof Wentzien Hofladen;Hollenstedter Straße 2
21259;Schünhoff;Tostedter Straße 2
21279;Hof Oelkers;Klauenburg 6
21279;Wilkenshoff;Kampweg 2a
21335;Edeka;Sülztorstraße 18
21335;Edeka Supper & Hamann;Häcklinger Weg 66a
21335;ALDI;Häcklinger Weg 66b
21335;Penny;Heinrich-Böll-Straße 36
21335;Reformhaus Blunck;Grapengießerstraße 49
21335;Naturkost Häcklingen;Neu-Häcklingen 1
21335;TSCHORN Bockelsberg - Getränkemarkt;Universitätsallee 13
21335;TSCHORN Bockelsberg;Universitätsallee 13
21337;Godehus;Am Schützenplatz 1
21337;Penny;Dahlenburger Landstraße 76
21337;Alnatura - Super Natur Markt;Lübecker Straße 70
21337;Rewe;Lübecker Straße 68
21339;Rewe;Vor dem Neuen Tore 33A
21339;Lidl;Am Alten Eisenwerk 1
21339;Handelshof Hamburg GmbH & Co. KG;Bessemerstraße 11
21339;Penny;Auf der Höhe 65
21365;Rewe;Kirchweg 19a
21365;Aldi;Borgwardstraße 1
21368;Rewe;Dannenberger Landstraße 26
21376;nah&frisch;Zur Osterheide 1
21376;Edeka aktiv markt Düver;Alte Baumschule 2
21391;Rewe;Wiesenweg 9
21395;Edeka Supper & Hamann;Lüneburger Straße 114
21397;EDEKA Hartmann;Lüneburger Straße 2a
21406;Edeka Meyer;Uelzener Straße 27
21423;Edeka Kröger;Schanzenring 6
21441;EDEKA Volker Meyer;Bahnhofstraße 79
21614;Naturkost am Hafen;Am Hafen 1
21635;REWE Verbrauchermarkt;Westerjork 48
21680;Rewe;Altländer Straße 13
21680;E aktiv markt Behrens;Harsefelder Straße 12-14
21680;Frischemarkt Foltmer;Dankersstraße 78
21680;Angelshop;Thuner Straße None
21682;Kaufland;Freiburger Straße 2
21682;Frischemarkt Foltmer;Hohenwedeler Weg 82
21682;Rewe;Steile Straße 1
21683;Penny;Obstmarschenweg 304
21706;Rewe;Drochterser Straße 3
21706;Lidl;Gauensieker Straße 47
21706;Rewe;Sietwender Straße 64
21706;Penny;Sietwender Straße 13 - 15
21745;Marktkauf;Stader Straße 114
21745;Lidl;Otto-Peschel-Straße 2-8
21745;Jawoll-Filiale Hemmoor;Am Schulzentrum 6
21745;Netto Marken-Discount;Cuxhavener Straße 19-21
21755;Netto;Steinberg 21
21776;Kunkel;Landesstraße 55
21781;Edeka;Am Markt 4
21785;EDEKA Lührs;Cuxhavener Straße 16
22041;Edeka;Knutzenweg 22
22041;Alnatura;Wandsbeker Marktstraße 2
22041;Vinh-Loi Asien-Supermarkt 榮利市場;Wandsbeker Königstraße 23-25
22041;Aldi Nord;Wandsbeker Marktstraße 103
22043;Aldi;Gustav-Adolf-Straße 92
22043;Rewe;Rodigallee 315
22045;REWE CENTER;Tonndorfer Hauptstraße 71-81
22045;Mix Markt;Tonndorfer Hauptstraße 66
22045;Aldi;Berliner Platz 21
22047;Penny;Wandsbeker Schützenhof 17
22049;Aldi;Alter Teichweg 71
22049;Edeka;Straßburger Straße 34
22049;Rewe;Nordschleswiger Straße 68
22081;Rewe;Dehnhaide 57
22081;Aldi;Holsteinischer Kamp 65
22081;Rewe;Holsteinischer Kamp 53
22083;Penny;Hamburger Straße 188
22083;Edeka Linow;Mozartstraße 16
22083;CAP-Markt AlsterCity;Weidestraße 122a
22083;Rewe;Hamburger Straße 27
22083;Aldi Nord;Hamburger Straße 23
22085;Edeka Niemerszein am Hofweg;Hofweg 81
22085;Edeka Sören Lade;Uhlenhorster Weg 2 - 4
22087;Aldi;Lübecker Straße 116-124
22111;Penny;Washingtonallee 87
22111;Rewe;Rennbahnstraße 34a
22111;REWE Center Billstedt;Lorenzenweg 3
22111;Lidl;Reclamstraße 19
22111;Penny;Bauerberg 20
22111;Aldi;Horner Landstraße 110
22111;Penny;Sievekingsallee 185
22111;Onur;Legienstraße 68
22111;Onur;Schiffbeker Weg 18
22111;Sultan Bazar;Schiffbeker Weg 1
22111;TEK Market;Möllner Landstraße 14
22111;Kodi Hamburg-Billstedt;Möllner Landstraße 12
22115;Aldi;Kandinskyallee 4-12
22115;Netto Marken-Discount;Kandinskyallee 23f
22115;Edeka;Kandinskyallee 14-18
22117;Frischemarkt Wulf;Merkenstraße 29
22117;Aldi;Möllner Landstraße 131
22117;Penny;Oststeinbeker Weg 2
22117;Frischemarkt am Park;Morsumer Weg 20
22117;Sultans Frischemarkt;Möllner Landstraße 137 d
22143;Penny;Bargteheider Straße 83-87
22143;Rewe;Bargteheider Straße 83-87
22143;EDEKA-Center Struve;Schweriner Straße 8-12
22143;Aldi;Schweriner Straße 8-12
22147;Penny Markt;Alte Berner Straße 10
22147;Rewe;Hermann-Balk-Straße 117
22147;EDEKA Bankert;Boltenhagener Straße 3
22149;Penny;Liliencronstraße 84-102
22149;Frischemarkt Hinrichs;Brockdorffstraße 96
22159;Edeka Stöver;Traberweg 1
22159;EDEKA Woytke;Pezolddamm 154
22159;Rewe;August-Krogmann-Straße 15
22175;Rewe;Pezolddamm 161
22177;Rewe;Bramfelder Chaussee 234
22179;Penny;Maimoorweg 46
22297;Edeka aktiv markt Gabriele Ecks;Alsterdorfer Markt 8
22297;Aldi;Alsterdorfer Markt 4
22299;Edeka Frischemarkt Bartels;Winterhuder Marktplatz 18
22299;Netto;Alsterdorfer Straße 21
22299;Penny;Alsterdorfer Straße 63-65
22301;REWE City;Moorfuhrtweg 15
22305;Aldi;Hufnerstraße 129
22305;Nur Bazar;Fuhlsbüttler Straße 174
22305;Onur;Fuhlsbüttler Straße 125-127
22305;bioMarkt Barmbek;Fuhlsbüttler Straße 164
22305;Trang - Asia Supermarkt;Fuhlsbüttler Straße None
22305;Rewe;Krüsistraße 7
22307;Edeka Müller;Fuhlsbüttler Straße 188
22307;Lidl;Fuhlsbüttler Straße 184
22309;Penny;Fuhlsbüttler Straße 428
22309;Rewe;Fuhlsbüttler Straße 387
22309;denn's Biomarkt;Fuhlsbüttler Straße 397
22309;ALDI Nord;Schreyerring 6
22335;Rewe City;Erdkampsweg 29
22339;Penny;Hummelsbütteler Weg 60
22359;Simon Frischemarkt;Weiße Rose 1
22359;Erdkorn;Groten Hoff 6
22359;Ohne Gedöns;Kattjahren 1c
22391;Rewe;Heegbarg 31
22391;Basic Bio-Supermarkt;Heegbarg 31
22391;Rewe;Wellingsbütteler Markt 1
22393;Aldi;Kunaustraße 1
22393;denn's Biomarkt;Stratenbarg 2
22395;Nahkauf;Heegbarg 89d
22415;Reformhaus Naturpark;Langenhorner Markt 13 a
22415;Netto Marken-Discount;Langenhorner Markt 11-13
22419;Rewe;Langenhorner Chaussee 666
22453;Lidl;Kollaustraße 129-135
22453;Frischemarkt Wagner;Borsteler Chaussee 136
22453;Rewe;Borsteler Chaussee 17
22453;Aldi;Borsteler Chaussee 86
22455;Aldi;Schippelsweg 51
22455;Penny;Nordalbingerweg 11
22455;Rewe;Nordalbingerweg 23-31
22457;Rewe;Frohmestraße 14
22457;denn's Biomarkt;Frohmestraße 11a
22459;Meyer's Frischemarkt;Tibarg 44-48
22459;Rewe;Tibarg 32
22459;Tjaden's Bio-Frischemarkt;Paul-Sorge-Straße 4a
22459;Aldi;Tibarg 41-43
22459;E Meyer's Frischecenter;Krähenweg 19
22459;Lidl;Frohmestraße 99
22523;Alnatura;Alte Elbgaustraße 1
22547;Natur Depot;Luruper Hauptstraße 132
22547;Kaufland;Eckhoffplatz 1
22607;Glasmeyer im Landhaus;Kalckreuthweg 90
22607;denn's Biomarkt;Osdorfer Landstraße 2
22761;Edeka;Gasstraße 4
22761;Aldi;Paul-Dessau-Straße 8
22761;Lidl;Bahrenfelder Chaussee 41
22763;Tjaden's BioFrischemarkt;Friedensallee 275
22763;Ihre Kette;Fischers Allee 35
22763;Glasmeyers Rewe;Jürgen-Töpfer-Straße 18
22767;Penny;Nobistor 27
22767;Edeka;Paul-Roosen-Straße 8
22767;Reformhaus Altona;Große Bergstraße 199
22767;Aldi;Große Bergstraße 152-162
22767;Lidl;Holstenstraße 5-9
22769;E aktiv markt Wiedner;Stresemannstraße 161
22769;Bio Company;Stresemannstraße 62
23936;Rewe;Klützer Straße 1
23942;Hofladen Drei-Käse-Hoch (Ziegenkäse);Grüner Weg 12
23946;Markant;Kastanienallee 3
23946;Aldi;Kastanienallee 1
23966;Rewe;Philipp-Müller-Straße 44
23966;Rewe;Lübsche Straße 146-148
23966;EDEKA N. Korzak;Altwismarstraße 7-17
23970;Norma;Philosophenweg 1
23970;Penny Am Kagenmarkt;Poeler Straße 75
23972;Thomas Philipps Sonderposten;Schweriner Straße 44
23974;Ostseekaufmann;Hauptstraße 22
23999;Rewe;Gemeinde-Zentrum 10
23999;Netto Marken-Discount;Wismarsche Straße 1a
26123;Rewe;Donnerschweer Straße 210
26123;Olga;Donnerschweer Straße 58
26123;Penny;Donnerschweer Straße 194-196
26133;Real;Alter Postweg 125
26133;Edeka;Harreweg 151
26345;CombiVerbrauchermarkt Bockhorn;Am Markt 13
26384;Combi-Verbrauchermarkt Wilhelmshaven;Gökerstraße 109
26384;Aldi;Gökerstraße 109
26384;Netto;Bismarckstraße 52
26389;Netto;Peterstraße 146
26389;Aldi;Sven-Hedin-Straße None
26389;Combi;Sven-Hedin-Straße 82
26389;NP;Am Wiesenhof 147
26548;Manfred Kruse Mein Inselmarkt;Nordhelmstraße 66
26548;Feinkost de Boer;Knyphausenstraße 23
26579;Frischemarkt;Westdorf 19
26603;Kurdish Supermarket;Am Pferdemarkt 3
26603;EDEKA;Raiffeisenstraße 18
26607;Markant nah & frisch Markt Hinrichs;Westerlooger Straße 28
26629;Nah und Gut;Ankerweg 2
26629;Combi-Verbrauchermarkt Ostgroßefehn;Kanalstraße Süd 58-60
26632;... nah und gut - Bruns;Bürgermeister-Smid-Straße 2
26632;Markant Markt Uphoff;Am Alten Handelsplatz 3
26632;Netto;Friesenstraße 241
26639;nah und gut Hummels;Birkhahnweg 64
26639;Aldi Nord;Hauptstraße 138
26639;Netto Discount;Hauptstraße 154
26639;EDEKA Behrends;Hauptstraße 138
26639;Lidl;Amaryllisweg 7
26670;Combi-Verbrauchermarkt Remels;Ostertorstraße 62
26670;NEZ;Ostertorstraße 52
26670;ALDI Remels;Ostertorstraße 60
26676;ALDI Barßel;Am Krumme Kamp 1-11
26676;EDEKA Eilers;Am Krumme Kamp 9
26689;Lidl Augustfehn;Hauptstraße 484-486
26723;NP-Discount;Hansastraße 22
26757;Frischemarkt Koester;Franz-Habich-Straße 6
26757;Preiskauf Borkum;Wilhelm-Feldhoff-Straße 10
26757;Der böse Inselwolf;Bismarckstraße 38
26757;Borkumer Bio-Insel;Strandstraße 6
26757;Mini-Markt;Hindenburgstraße 114
26759;NP-Markt;Bahnhofstraße 23
26831;Aldi Nord;Neuschanzer Straße 19
26835;Lidl;Im Brink 1
26835;Netto Marken-Discount Hesel;Brinkweg 4
26844;Edeka Nah und Gut;Pogumer Straße 1a
26897;Combi Verbrauchermarkt;Südstraße 1
26899;K+K;Burgstraße 14
26901;Markant;Hauptstraße 2-4
26904;Nah und Gut Funke;Waldstraße 7
26919;Netto;Bahnhofstraße 79A
26939;Burgdorf Laden;Bahnhofstraße 34
27232;E center;Schützenstraße 13
27283;E-Center;Holzmarkt 13
27283;Lidl;Johanniswall 1-7
27283;Naturis Bioladen & Bistro;Johanniswall 1
27283;Rewe;Im Ohrt 5
27327;E-Neukauf Kööp in;Hauptstraße 23
27327;Edeka;Hauptstraße 23
27336;Aldi;Stöckener Straße 12
27339;NP.;Auf dem Felde 1
27419;Penny;Bahnhofstraße 23
27419;Rewe;Stader Straße 28
27419;Aldi;Stader Straße 11
27419;Lidl;Stader Straße 13
27419;Edeka;Hamburger Straße 3
27472;ALECO BioMarkt;Schillerstraße 4
27478;Edeka Holling;St.-Annen-Weg 2
27478;Netto;Hauptstraße 48
27619;Aldi Nord;Neufelder Weg None
27619;SolarCamp24;Marnkeweg 38
27628;Bürgermarkt;Amtsdamm 40
27749;koopje;Lange Straße 98
27755;EDEKA Center Schlottmann;Seestraße 5
28790;Penny;Heidkamp 18
28790;Combi;Am Markt 6-52
28832;Netto Marken-Discount;Uphuser Heerstraße 50
28857;Edeka Stellmann;Steinheide 1
28857;Famila;Zum Hachepark 8
28870;ALECO BioMarkt;Grüne Straße 19
29221;Kornstube;Spörckenstraße 76
29225;real,-;An der Hasenbahn 3
29225;ALDI;An der Hasenbahn 3
29229;Famila Nordost;Zur Hasselklink 3-5
29303;Motor-Service Hohls Motorrad Handelsgesellschaft mit beschränkter Haftung;Hünenburg 10
29308;Lidl;Poststraße 30
29308;Aldi;Meißendorfer Straße 4
29313;EDEKA Schulze;Hehlenbruchweg 1
29313;Edeka;Wiesenweg 23
29339;Lidl;Nienhagener Straße 1a
29348;Aldi;Celler Straße 50A
29351;Hofladen Kastanienhof Metzingen;Lindenstraße 16
29378;Rewe;Knesebecker Straße 2-8
29378;Lidl;Knesebecker Straße 2-8
29389;E aktiv markt Holzmüller;Bergstraße 8
29392;EDEKA Eisbrenner;Gifhorner Straße 13
29439;Aldi;Drawehner Straße 6
29439;Edeka;Drawehner Straße 6-10
29439;Rewe;Theodor-Körner-Straße 18
29451;Oikos-Naturkostladen II;Lüchower Straße 80 A
29459;Netto Marken-Discount;Lange Straße 11-12
29475;Edeka;Hauptstraße 13
29525;Penny;Celler Straße 67
29525;Kaufland;Bahnhofstraße 2-4
29549;Aldi Nord;Medinger Straße 32
29549;Netto Marken-Discount;Medinger Straße 12-16
29571;Frischemarkt Külbs;Bevensener Straße 4
29574;Penny;Kiebitzkamp 1
29646;Museumsladen Tante Dora Stuv;Wilsede 9a
29646;Penny;Töpinger Straße 10
29646;Lidl;Soltauer Straße 1
29646;Edeka Ehlers;Hauptstraße 2
29683;Edeka Siegel;Poststraße 2
29683;Rewe;Kirchplatz 1
29693;Edeka Neukauf Dankenbring;Allerstraße 1
30159;denn's Biomarkt;Marktstraße 43
30159;Penny;Kurt-Schumacher-Straße 36
30159;i.SHOP;Andreaestraße 8-9
30159;Bahlsen Outlet;Karmarschstraße 49
30163;Rewe;Voßstraße 55
30163;Alnatura;Jakobistraße 10
30163;Penny Markt;Waldstraße 15
30163;Tante-Emmer-Laden;Wittekamp 24
30167;denn's Biomarkt;Engelbosteler Damm 20
30169;Rewe City;Hildesheimer Straße 27-29
30169;Rewe;Hildesheimer Straße None
30171;Edeka;Schlägerstraße 42
30171;Netto;Tiestestraße 2
30171;denn's Biomarkt;Marienstraße 51
30171;Lola - Loseladen;Stephansplatz 13
30171;Reformhaus Bacher;Stephansplatz 41
30173;Edeka;Mendelssohnstraße 26
30179;Rewe;Holzwiesen 86
30179;Lidl;Dresdener Straße 3
30179;Aldi;Vahrenwalder Straße 252
30179;Mix Markt;Vahrenheider Markt 6
30179;Halil Erol Yunus Market 2;Zwickauer Straße 22
30179;Dost Market;Vahrenheider Markt None
30449;Rewe City;Schwarzer Bär 4
30449;Rewe;Göttinger Straße 30
30459;NP;Pfarrstraße 41
30459;NP Markt;Hahnensteg 39
30459;"ML-CityMarkt ""Хозяин""";WP-Eberhard-Eggers-Platz 123
30625;Aldi;Kirchröder Straße 91-92
30625;Edeka;Berckhusenstraße 23-25
30627;Penny;Rotekreuzstraße 12
30827;NP;Dorfstraße 2a
30853;Aldi;Am Pferdemarkt 9a
30853;Yunus Market;Rathenaustraße 15B
30890;Woolworths;Marktstraße 38
30938;Frisch-Markt;Wallstraße 18
30938;Frischemarkt Pagel;Mellendorfer Str. 36a
30974;Naturkost an der Sonnenuhr;Hauptstraße 2b
30982;Lidl;Göttinger Straße 13
30982;Rewe;Auf der Burg 6
30982;NP;Hauptstraße 30a
30982;Aldi;Johann-Koch-Straße None
31036;NP;Hauptstraße 19a
31061;Zauberwurzel;Kurze Straße 11
31079;Netto;Lindenhof 4
31084;NP - Niedrig Preis;Alfelder Straße 22
31134;Netto Marken-Discount;Wallstraße 4
31134;Hopfen & Happen;Wallstraße 12
31137;Kaufland;Römerring 8
31137;Penny;Phoenixstraße 8
31137;Rewe;Phoenixstraße 4
31137;Netto;Steuerwalder Straße 146
31139;Edeka;Geschwister-Scholl-Straße 1
31139;denn's Biomarkt;Alfelder Straße 56p
31171;Netto;Hauptstraße 96
31171;Rnah;Kirchstraße 10
31188;Edeka;Marktstraße 25
31224;Euro Shop;Gröpern 13
31234;Rewe;Peiner Straße 25a
31241;REWE Supermarkt;Eichstraße 12
31241;LIDL;Zum Wasserturm None
31241;Rewe Getränkemarkt;Eichstraße 12
31246;Netto Marken-Discount;Osterfeld 4
31303;LIDL;Uetzer Straße 2
31303;Edeka;Weserstraße 2
31311;nah und gut Frischmarkt Axel Schumann;Fuhsestraße 29
31311;EDEKA Habel;Am Kindergarten 4
31542;Penny;Hauptstraße 20
31542;Rewe;Kurhausstraße 4
31553;Penny;Obere Straße 32
31582;famila;Lemker Straße 20
31582;Rewe;Hannoversche Straße 56
31582;Yasar Marketim;Verdener Straße 18
31582;Der Bioladen;Marktplatz 3
31582;Netto Marken-Discount;Lange Straße 75
31595;Penny;Stolzenauer Straße 8
31606;Heineking Frischemarkt Warmsen;Zur Linde 30
31636;Dorfladen Linsburg;Grund 7
31655;Rewe;Jahnstraße 35
31655;Kaufland;Am Helweg 4
31655;Lidl;Breslauer Straße 4
31655;Böhne;Niedernstraße 5
31683;nah&frisch Markt Grimm;Henriettenstraße 2-4
31691;Edeka Köpper;Bergkrug 5
31700;Bioasis 3;Avenue Émile Dewoitine 6
31700;Biocoop;Rue Henri Matisse 2
31700;Carrefour Contact;Route de Grenade 2
31700;AuBio Arcadie;Route de Grenade 223
31737;WEZ;Detmolder Straße 35
31749;Penny;Rehrener Straße 43
31749;Dorfladen;Rolfshagener Straße 59
31785;Real;Pferdemarkt 1
31785;BioMarkt Hameln;Deisterstraße 90
31785;Tinte Toner Hameln;Baustraße 9
31785;Kassenhaus Hameln;Baustraße 9
31787;Rewe;Fischbecker Landstraße 86
31787;Aldi Nord;Fischbecker Landstraße 86
31789;Kaufland;Werkstraße 17
31812;Nahkauf;Pyrmonter Straße 25
31832;Penny;Hamelner Straße 6
31848;Rewe;Am Rohmel-Center 4
31848;Lidl;Am Rohmel-Center 1
31848;Penny;Bahnhofstraße 12
31848;Takko;Am Rohmel-Center 2
31848;Kaufhaus Döring;Lange Straße 6-8
31867;EDEKA - Kreisel;Coppenbrügger Landstraße 9
32052;Combi;Tribenstraße 6
32105;Lidl;Hoffmannstraße 15
32105;Der Biomarkt;Hoffmannstraße 11
32105;Lidl;Herforder Straße 82
32107;EDEKA Dräger;Bielefelder Straße 5
32107;Penny Markt;Bielefelder Straße 10
32107;Aldi;Am Bexterholz 2
32107;Markant;Hauptstraße 39
32108;LHG;Oerlinghauser Straße 2a
32683;SCHULTE Forst- & Gartentechnik;Hamelner Straße None
32683;Magowsky;Mittelstraße 28
32805;Natur Pur;Allee 12
32832;Magowsky;Stukenbrocker Straße 15
33034;Rewe;Warburger Straße 5
33034;Combi;Ostheimer Straße 40-42
33034;Spezialitäten von Sevda (Yasar Lebensmittel);Wolfskuhle 6
33039;Nahkauf;Marktstraße 40
33100;Carrefour Market;Allée Serr None
33181;Bäckerei Linnenweber;Burgstraße 19
33181;Netto Marken-Discount AG & Co. KG;Bürener Straße 31
33184;Markant;Osttorstraße 6
33184;Combi;Orthagen 3
33332;Edeka Oktai Oglu;Eichenallee 90
33332;Aldi;Kampstraße 20-22
33332;Midyat;Neuenkirchener Straße 81
33332;Mix Markt;Pfälzer Straße 2
33332;Real;Am Anger 22
33332;Gümüs Feinschmecker-Markt;Carl-Bertelsmann-Straße 45
33332;Netto;Carl-Bertelsmann-Straße 75
33332;Lidl;Carl-Bertelsmann-Straße 152
33334;Lebensmittel Thiesbrummel;Verler Straße 336
33334;Edeka Dreesbeimdieke;Haller Straße 100
33334;Aldi;Hans-Böckler-Straße 32
33334;Lidl;Auf dem Stempel 10
33335;JIBI;Brackweder Straße 35
33335;Aldi;Osnabrücker Landstraße 1
33335;Rewe;Osnabrücker Landstraße 1
33335;Frostland;Osnabrücker Landstraße 2-8
33378;Kaufland;Bahnhofstraße 36
33378;Trink Fuchs;Auf der Schulenburg 6
33378;nah&frisch Markt Hermes;Hellingrottstraße 62
33378;Lidl;Feldhüserweg 20
33378;ALDI Nord;Herzebrocker Straße 20
33378;Netto;Gütersloher Straße 75
33378;Lidl;Bielefelder Straße 55
33397;Rewe;Detmolder Straße 10
33397;Atlas Spar;Lange Straße 130
33397;Frischmarkt Bokel;Kirchstraße 1
33415;Elli-Markt;Fürstenstraße 7
33415;Netto Marken-Discount;Gütersloher Straße 71
33415;Bio-Markt Bremehr;Schmiedestrang 33
33415;EDEKA Center Niederschulte;Österwieher Straße 20
33428;Elli-Markt;Hanfstraße 9
33428;Aldi;Prozessionsweg 43
33428;Rewe;Prozessionsweg 41
33428;Schenke;Hesselteicher Straße 4
33428;Netto;Alte Brockhäger Straße 16
33428;penny;Ostheide 13
33428;Lidl;Berliner Ring 40
33442;Rewe;Debusstraße 9
33442;ALDI;Beelener Straße 84
33442;Netto;Beelener Straße 36
33449;Elli;Hauptstraße 54-56
33602;Rewe;August-Bebel-Straße 116a
33602;Mega Food;Herforder Straße 104
33602;Combi;Luisenstraße 54
33602;Combi;Dr. Viktoria-Steinbiß-Straße 3
33602;Nahkauf;Obernstraße 37
33602;Löwenzahn Biofeinkost;Welle 15
33602;Rewe;Bahnhofstraße 26
33602;Gökalp;August-Bebel-Straße 28
33604;Mega Markt;Oelmühlenstraße 105
33604;Sieker Markt;Detmolder Straße 228
33605;Combi;Stieghorster Straße 64
33605;Naafi Shop;Jagdweg 3
33607;E center Schenke;Huberstraße 25
33607;Wiva Markt;Heeper Straße 174
33607;Lidl;Heeper Straße 113
33607;Y. E. Hilal Markt;Wörthstraße 2
33607;Dengel Biomarkt;Teutoburger Straße 65
33609;Lidl;Stadtheider Straße 11
33609;Handelshof Kanne GmbH & Co. KG;Schelpmilser Weg 24
33609;Aldi;Rabenhof 78
33609;Marktkauf;Rabenhof 74
33609;Combi;Eckendorfer Straße 94
33611;Edeka;Engersche Straße 96
33611;Edeka;Hermann-Schäffer-Straße 14
33611;Wiva;Am Vorwerk 33
33611;Netto Marken-Discount;Beckhausstraße 129
33611;Mix Markt;Beckhausstraße 74
33611;Rewe;Beckhausstraße 64
33611;Aldi;Beckhausstraße 64
33613;Combi;Kurze Straße 4-6
33613;Lidl;Babenhauser Straße 18
33613;Penny;Splittenbrede 22
33613;REWE-Center Quermann;Babenhauser Straße 20
33613;Rewe;Apfelstraße 8
33613;Lidl;Jöllenbecker Straße 41
33613;Dengel Biomarkt;Babenhauser Straße 13
33613;Edeka;Lange Straße 3
33613;denn's Biomarkt;Apfelstraße 8
33613;Penny;Jöllenbecker Straße 220-222
33615;EDEKA Niehoff;Große-Kurfürsten-Straße 66
33615;Aldi;Große-Kurfürsten-Straße 82
33615;Dürer Markt;Dürerstraße 57
33615;Markant;Kurt-Schumacher-Straße 25
33615;Centralkauf;Weststraße 67
33615;Netto;Stapenhorststraße 49
33617;Aldi;An der Tonkuhle 2
33647;Combi;Berliner Straße 75
33647;Lidl;Kimbernstraße 1
33647;AS Depo Markt;Winterberger Straße 2
33649;Combi;Borgsen-Allee 2
33649;Aldi;Carl-Severing-Straße 85
33649;EDEKA Böers;Carl-Severing-Straße 91
33649;Hofladen Meyer zu Bentrup;Vogelweide 2
33649;Markant;Föhrenstraße 2
33649;Real;Gütersloher Straße 122
33649;Aldi;Gütersloher Straße 243
33649;LIDL;Kasseler Straße 1
33659;EDEKA Brinkmann;Windelsbleicher Straße 229
33659;Aldi;Windelsbleicher Straße 239
33659;Netto;Breipohls Hof 2
33659;Netto Marken-Discount;Lippstädter Straße 1
33689;Combi Markt;Sennestadtring 1-5
33689;Famila;Hansestraße 1
33689;Cap-Markt Tamar;Werkhofstraße 3
33689;Rewe;Sennestadtring 27-29
33689;Aldi;Am Beckhof 48
33689;Lidl;Industriestraße 8
33699;Markant;Detmolder Straße 674
33699;Netto;Alte Detmolder Straße 43
33699;LIDL;Detmolder Straße 550
33699;ALDI;Oerlinghauser Straße 10
33699;Rewe;Oerlinghauser Straße 8a
33719;Combi;Altenhagener Straße 22
33719;King's;Heeperholz 45
33719;Combi;Heeperholz 45
33719;ALDI;Oldentruper Straße 266
33719;LIDL;Oldentruper Straße 255
33719;Marktkauf;Oldentruper Straße 236
33719;ALDI;Amtmann-Bullrich-Straße 23
33719;Netto;Amtmann-Bullrich-Straße 22
33729;Combi;Braker Straße 71
33729;Netto Marken-Discount;Braker Straße 67
33729;Edeka;Waagestraße 6
33729;Combi;Elverdisser Straße 40
33729;Aldi;Braker Straße 36
33739;Combi;Eickumer Straße 59
33739;Aldi;Beckendorfstraße 3
33739;Combi;Topasstraße 4
33739;Combi;Jöllenbecker Straße 581
33739;Netto Marken-Discount;Amtsstraße 18
33739;Nahkauf;Epiphanienweg 1
33758;Marktkauf;Holter Straße 136
33758;Penny Markt;Sender Straße 8
33758;Lidl;Lüchtenstraße 61
33758;Netto Marken-Discount;Beckersheide 4
33758;Aldi Nord;Holter Straße 137-147
33758;Netto;Holter Straße 240
33758;Senner Garten- und Landschaftsbau Jürgenliemke;Senner Straße 2
33813;Netto;Adolf-Sültemeier-Straße 1
33813;Aldi;Am Kalkofen 7
33813;Mix Markt;Stukenbrocker Weg 18a
33813;Rewe;Holter Straße 61
33824;Rewe;Engerstraße 65
33829;Edeka Niehoff;Jammerpatt 2
33829;Aldi Nord;Bahnhofstraße 19
33829;Markant Salzwedel;Am Uphof 9
34117;Tegut;Königsplatz 61
34117;Aldi Nord;Mauerstraße 11
34117;denn's Biomarkt;Königsplatz 53
34121;Tegut;Wilhelmshöher Allee 89
34121;Rewe;Sternbergstraße 10-12
34121;Aldi Nord;Wittrockstraße 3
34123;Aldi Nord;Leipziger Straße 124
34123;Tegut;Leipziger Straße 128
34123;SB-Union Großmarkt;Heinrich-Hertz-Straße 29
34123;Rewe;Görlitzer Straße 39
34123;Netto;Kasseler Straße 76
34123;Penny-Markt;Kasseler Straße 72
34123;Wefa - Internationale Lebensmittel;Ochshäuser Straße 26
34125;Wefa Multikulti Markt;Weserstraße 39
34125;Lidl Sonderverkauf;Fuldatalstraße 10c
34127;Edeka;Fiedlerstraße 30
34127;Mix Markt;Holländische Straße 41-43
34130;Bio & Sens;Avenue de la Ciboulette 236
34131;Edeka Todenhöfer;Baunsbergstraße 1
34131;Tegut;Wilhelmshöher Allee 253
34131;Biomarkt Greger;Wilhelmshöher Allee 275
34131;Edeka Todenhöfer;Hunrodstraße 1
34134;Rhönmarkt;Rhönplatz 2
34134;Rewe;Frankfurter Straße 225
34134;Aldi;Glockenbruchweg 84
34225;"Edeka Center ""Herkules""";Marktplatz 16
34225;Ratio SB-Warenhaus;Fuldastraße 1-5
34225;Rewe;Johann-Siegmund-Schuckert-Straße 2a
34225;Netto Marken-Discount;Knallhütter Straße 50
34233;Rewe Markt;Ihringshäuser Straße 161
34233;Dorfladen;Kasseler Straße 17
34270;Edeka Markt;Kirchstraße 1
34311;EDEKA René Kröninger e.K.;Ippinghäußer Straße 16
34329;Edeka aktiv-markt Hartung;Kaufunger Straße 9a
34359;Rewe Markt;Vaaker Weg 6
34376;City-Markt;Obere Bahnhofstraße 5
34385;Nahkauf;Mündener Straße 2
34388;Edeka Getränkemarkt;Friedrichsfelder Straße None
34393;Netto;Hofgeismarer Straße None
34396;Nahkauf;Alter Steinweg 18
34414;Aldi Nord;Papenheimer Straße 65-67
34414;Naturkost Brinkman;Unterstraße 74
34414;Netto;Paderborner Tor 107
34454;Elli-Markt;Landstraße 7
34454;Aldi;Bahnhofstraße 96
34454;Thomas Phillips Sonderposten;Teichstraße 8
34454;Rewe;Varnhagenstraße 6
34454;SB-Zentralmarkt;Ostpreußenstraße 66
34454;E-Center Herkules;Georg-Viktor-Straße 2
34466;Nahkauf;Hans-Staden-Straße 52
34471;Aldi;Arolser Straße 19d
34471;Rewe;Steinweg 5
34474;Edeka Markt Diederich;Klappstraße None
34473;Träume für Räume;Stadtberger Weg 1
34513;Kleines Warenhaus;Marktplatz 1
34596;Tegut;Zum Kurpark 2
34596;Edeka;Hauptstraße 5
35066;Natur Kost Waren;Untermarkt 1
35104;Edekamarkt Knipp;Immighäuser Straße None
35110;Edeka;Waldecker Straße 1
35647;Netto;Hasselborner Straße 13-17
35683;REWE XL (Petz);Nixböthestraße 7
35683;Rewe;Hirschwiese 3
35745;Rewe;Konrad-Adenauer-Straße 70
35745;natur pur;Westerwaldstraße 36
35759;Penny;Adolf-Weiss-Straße 7
35781;Herkules Edeka;An der Backstania 1a
35781;Lidl;Kubacher Weg 6
35792;Sabine's Geschenkeoase;Wallstraße None
35794;Rewe;Zum Sportzentrum 6
36043;Güven Lebensmittelmarkt;Heinrichstraße 60
36037;Tegut;Rabanusstraße 3
36037;Biothek;Simpliziusbrunnen 84
36037;Rewe Grasmück;Dalbergstraße 29
36037;Ikame;Vor dem Peterstor 3
36037;Wertmarkt;Leipziger Straße 42
36041;denn's Biomarkt;Kothenbachweg 4
36043;Aldi Süd;Keltenstraße 20
36043;Tegut;Keltenstraße 20
36043;Aldi Süd;Am Emaillierwerk 1
36124;Edeka;Im Streich 1
36124;Aldi;Fuldaer Straße 23
36129;Edeka;Ebersberger Platz 2-4
36137;Lidl;An der Aspe None
36145;Neukauf-Markt Fleck;Morleser Straße 11
36151;Tegut;Marktplatz 3
36154;Rewe;Am Hermetzacker 2
36154;Netto Marken-Discount;Am Hermetzacker 1
36166;Edeka Fürstenberg;Stoppeler Straße 5
36199;Edeka;Waldweg None
36211;EDEKA;Braacher Straße 2
36272;Lidl;Hersfelder Straße 20
36277;Netto;Eisenacher Straße 49-53
36280;Edeka Schneider;Niederrheinische Straße 12a
36287;Gutkauf;Hauptstraße 26
36304;Tegut;An der Au 10
36323;Neeb´s Bauernladen;Riegelbachstraße 7
36341;Nahkauf;Am Wörth 2
36341;Jawoll;Umgehungsstraße 33
37073;Netto;Güterbahnhofstraße 4
37073;Frischemarkt Gellersen;Düstere-Eichen-Weg 21
37073;Aldi;Leinestraße 49
37073;Rewe City;Prinzenstraße 13
37073;Nahkauf;Rosdorfer Weg 12
37073;Wunderbar Unverpackt;Groner-Tor-Straße 22
37073;Sinem;Goethe-Allee 5
37075;Edeka;Weender Landstraße 59
37075;ALDI;Weender Landstraße 59
37075;Thomas Phillips;Weender Landstraße 59
37077;Edeka;Resedaweg 4
37079;ALDI;Am Kauf Park 2
37081;Mix Markt;Backhausstraße 21
37081;Rewe;Sollingstraße 2
37083;Das Biohaus;Benzstraße 2c
37083;Nahkauf;Hauptstraße 46
37083;Vita Nova Göttinger Reformhaus;Hauptstraße 54
37154;Naturkost Northeim;Hinter der Kapelle 11
37154;Edeka Schnabel;Robert-Schnabel-Straße 1
37154;Marktkauf;Hillerser Straße 11
37154;Caritex;Breiter Weg 2
37186;Rewe;Fühlingsweg 4
37186;Netto;Industriestraße None
37191;Rewe;Albrechtshäuser Weg 3
37194;Edeka;Uslarer Straße 9b
37218;tegut... Lädchen;Mündener Straße 17
37269;SB Union Edeka;Thüringer Straße 13
37297;tegut;Am Wasser 4
37574;Woolworth;Marktplatz 5-7
37589;Probst;Zur Kirche None
37603;Lidl;Allersheimer Straße 38
37603;Netto;Papiermühle 7
37603;NP Markt;Böntalstraße 30
37603;Netto;Nordstraße 6
37603;Rewe Altergott oHG;Sollingstraße 54
37619;Nahkauf;Hauptstraße 40
37619;Rewe;Ernst-Reuter-Straße 8
37619;Raiffeisen-Markt;Ernst-Reuter-Straße 4
37619;LIDL;Ernst-Reuter-Straße 9
37619;ALDI;Ernst-Reuter-Straße None
37627;Rewe;Lenner Straße 42
37627;Nahkauf;Breite Straße 14
37627;Lidl;Neue Straße 38
37627;Edeka;Hoopstraße 4
37632;Edeka;Bahnhofstraße 14
37632;Nahkauf;Mühlenbergstraße 17a
37639;Nahkauf;Eversteiner Straße 17
37671;Edeka - E center;Stahler Ufer 8
37671;Rewe-Markt;Schlesische Straße 1
37688;Netto;Bahnhofstraße 40
37688;Ringelblume;Weserstraße 6
37691;E Neukauf D'Amico;Radstaken 1a
38102;Edeka Aktiv Markt Görge;Kastanienallee 18,19
38102;Penny;Kastanienallee 68
38102;Planet Vegan;Altewiekring 20a
38102;Vitaminreich Naturkost Partyservice;Hochstraße 22
38102;Edeka;BraWo-Allee 1
38112;Aldi;Osterbergstraße 15
38173;Penny;Bahnhofstraße 14a
38373;NP;Steinweg 16
38458;Edeka;Weideweg 11
38477;Bahrs;Hauptstraße 34
38524;NORMA;Alte Landstraße 2
38524;EDEKA Gewecke;Dannenbütteler Weg 1
38642;Diekow Frischeland;Danziger Straße 43
40210;Netto City;Stresemannstraße 33
40210;Kömüscü Market;Worringer Straße 104
40210;Edeka Stockheim im Bahnhof;Konrad-Adenauer-Platz 14
40210;Alnatura;Konrad-Adenauer-Platz 11
40210;Kashmir Store;Bismarckstraße 77
40210;Shochiku;Immermannstraße 15
40210;Hanaro Markt;Immermannstraße 45c
40211;Penny;Karl-Anton-Straße 19
40211;Netto;Am Wehrhahn 33
40211;Rewe City;Am Wehrhahn 43
40211;Asia Markt;Kölner Straße 41b
40211;Tak Supermarkt;Kölner Straße 41a
40211;denn's Biomarkt;Am Wehrhahn 28-30
40212;Edeka Zurheide Center Düsseldorf;Berliner Allee 52
40212;Aldi Süd;Schadowstraße 93
40213;Rewe;Carlsplatz 18
40215;Rewe;Scheurenstraße 9
40215;Aldi;Königsallee 106
40215;Şen Market;Morsestraße 4
40215;Netto Marken-Discount;Corneliusstraße 76
40215;Rewe;Kirchfeldstraße 139
40215;Norma;Corneliusstraße 95
40215;Lidl;Königsallee 63-65
40217;Rewe City;Fürstenwall 146
40217;Aldi;Friedrichstraße 133
40217;Reformhaus Goll;Friedrichstraße 11
40217;Real;Friedrichstraße 152
40219;Netto Marken-Discount;Lorettostraße 26
40219;Netto Marken-Discount;Gladbacher Straße 53
40219;Rewe;Bilker Allee 57
40221;Leben-findet-Stadt-Halle;Uedesheimer Straße 2
40223;Netto Marken-Discount;Brunnenstraße 50
40223;Aldi;Aachener Straße 70a
40223;SuperBioMarkt;Aachener Straße 57
40223;Natürlich Natürlich;Brunnenstraße 22
40223;ALDI Bilk (Süd);Aachener Straße 126
40223;Edeka Paschmann;Suitbertusstraße 127
40223;PENNY Markt Bilker Corner;Suitbertusstraße 89
40223;ALDI;Fleher Straße 40
40223;Lidl;Aachener Straße 152
40223;Edeka;Aachener Straße 166
40223;LIDL Friedrichstadt;Oberbilker Allee 61
40223;Rewe;Oberbilker Allee 55
40223;G.F.T Hypermarket;Brunnenstraße 69
40225;Penny;Himmelgeister Straße 66
40225;Rewe;Himmelgeister Straße 81
40225;Netto Marken-Discount;Himmelgeister Straße 86
40227;Netto Oberbilk;Oberbilker Allee 201
40227;Penny;Kölner Straße 270
40227;Edeka Tschoepe;Kölner Straße 252
40227;Netto;Oberbilker Allee 78
40227;Netto Marken-Discount;Ellerstraße 123
40227;Aussar Markt;Ellerstraße 66
40227;ALDI Oberbilk;Oberbilker Allee 237
40227;Marjan Market;Eisenstraße 15
40227;Afro Shop;Heerstraße 27
40229;Center Shop;Gumbertstraße 129
40229;Netto Marken-Discount;Gumbertstraße 178
40229;Nah & Frisch;Peter-Richarz-Straße 20
40229;LIDL Eller;Darmstädter Straße 2
40229;Netto;Wormser Weg 3a
40231;Penny Markt;Reisholzer Straße 48
40231;REWE CITY;Zeppelinstraße 3-7
40231;REWE City;Reisholzer Straße 13
40231;PENNY Markt;Am Karlshof 22
40231;ALDI Lierenfeld;Kündgensweg 2
40233;REWE Flingern-Süd;Ronsdorfer Straße 55
40233;LIDL Flingern-Süd;Fichtenstraße 4
40233;Rewe City;Ackerstraße 183-185
40233;Libanesischer Supermarkt;Erkrather Straße 89
40233;Türkischer Supermarkt Ergül;Erkrather Straße 105
40233;Netto;Albertstraße 44
40233;Netto;Fichtenstraße 129
40233;ALDI Flingern-Süd;Krahestraße 1
40233;ALDI Flingern-Süd;Erkrather Straße 248
40233;Netto Marken-Discount City;Birkenstraße 95
40235;Rewe;Grafenberger Allee 368
40235;Netto City Filiale;Hoffeldstraße 55-57
40235;Rewe;Bruchstraße 89
40235;Emmas Enkel;Schlüterstraße 3b
40235;Netto City;Grafenberger Allee 399
40235;LIDL Flingern-Nord;Bruchstraße 94a
40235;Aldi;Gaußstraße 24
40237;Netto Marken-Discount;Grafenberger Allee 62
40237;Rewe City;Rethelstraße 135-137
40237;Rewe;Rethelstraße 154 - 156
40237;Reformhaus Bacher;Rethelstraße 166
40237;Netto Marken-Discount;Lindemannstraße 83
40237;Lidl;Grafenberger Allee 289c
40239;Netto Marken-Discount;Brehmstraße 39
40239;LIDL Düsseltal;Buscherstraße 5a
40239;ALDI Düsseltal;Ahnfeldstraße 2
40468;Netto Marken-Discount;Unterrather Straße 106
40468;ALDI Lichtenbroich;Kieshecker Weg 100
40468;Aldi;An der Piwipp 86
40468;Rewe;Ulmenstraße 299
40470;Netto;Münsterstraße 396
40470;ALDI Mörsenbroich;Vogelsanger Weg 33
40470;Rewe;Zur alten Kaserne 2
40472;Continent;Münsterstraße 497
40472;LIDL Rath;Marler Straße 4
40472;Netto Rath;Rather Kreuzweg 91
40472;ALDI Rath;Bochumer Straße 41
40472;Penny;Oberrather Straße 8
40474;Aldi Süd;Kaiserswerther Straße 409
40474;BioHaus;Niederrheinstraße 71
40474;Rewe City;Terminal Ring 1
40474;Edeka;Kaiserswerther Straße 270
40474;Ringeltaube;Frachtstraße 27
40474;EDEKA;Niederrheinstraße 84
40474;ALDI Lohausen;Niederrheinstraße 166
40476;EDEKA xpress Shariat;Golzheimer Straße 129
40476;Deniz Market;Ulmenstraße 84
40476;ALDI Derendorf;Münsterstraße 62
40477;Rewe;Tußmannstraße 61
40477;Edeka;Nordstraße 90
40477;Edeka;Nettelbeckstraße 8
40477;Aldi;Duisburger Straße 24
40477;SuperBioMarkt;Nordstraße 82
40477;Reformhaus Pothmann;Mauerstraße 2
40477;BUTLERS;Nordstraße 76
40477;Rewe;Nordstraße 44
40489;Netto;Hermann-Schauten-Weg 22
40489;Edeka Steinert;Angermunder Straße 40
40489;Rewe;Friedrich-von-Spee-Straße 10
40489;LIDL Angermund;Pfarrer-Holl-Weg 21
40489;Nahkauf;Kalkstraße 26b
40545;Feinkost Cayan;Belsenstraße 16
40545;Netto;Oberkasseler Straße 157-159
40547;Aldi;Hansaallee 10
40549;Nikolaou GmbH;Heesenstraße 90
40549;Netto;Heerdter Landstraße 181
40549;Penny;Wiesenstraße 30
40549;Aldi;Heerdter Landstraße 115
40549;SuperBioMarkt;Theo-Champion-Straße 9
40549;Real;Schiessstraße 31
40589;ALDI;Kölner Landstraße 437-441
40589;ALDI Süd;Ickerswarder Straße 172
40589;LIDL;Kölner Landstraße 435
40589;Naturkost;Itterstraße 36
40591;ALDI;Kölner Landstraße 209
40591;Rewe;Kölner Landstraße 211
40591;ALDI Oberbilk (Süd);Harffstraße 24
40591;Edeka Center Celik Wersten;Harffstraße 53
40593;Edeka;Tübinger Straße 2
40593;nah & frisch;Corellistraße 6-8
40597;SuperBioMarkt AG;Hauptstraße 47
40597;Purabio - Unverpackt- & Bioladen;Benrodestraße 39
40597;LIDL Benrath;Hasselsstraße 1
40597;Rewe;Hauptstraße 8
40597;Aldi Süd;Paulsmühlenstraße 20
40599;Netto;Potsdamer Straße 49
40599;Daorung Asia Shop;Henkelstraße 259
40599;Netto;Hasselsstraße 60
40599;ALDI Reisholz Nord;Reisholzer Bahnstraße 29
40599;LIDL Reisholz;Stephanstraße 5
40599;EDEKA - Zurheide;Nürnberger Straße 40
40599;Aldi Süd;Nürnberger Straße 37
40625;Aldi Süd;Kölner Tor 16
40625;Rewe;Heyestraße 128
40625;Edeka;Benderstraße 52-54
40625;Netto Marken-Discount;Benderstraße 123
40625;SuperBioMarkt;Benderstraße 43
40625;Lidl;Dreherstraße 175
40627;Edeka;Glashüttenstraße 13
40627;Penny;Am Kleinforst 1
40627;Rewe;Breidenplatz 1
40627;ALDI Vennhausen;Vennhauser Allee 248
40629;Bauernladen;Ratinger Weg 16
40629;Rewe;Blanckertzstraße 2
40629;Alnatura;Am Wildpark 2a
40667;Alnatura;Düsseldorfer Straße 81-85
40667;denn's Biomarkt;Düsseldorfer Straße 77
40721;Rewe;Mittelstraße 75
40721;Edeka;Warrington-Platz 10
40789;Netto;Geschwister-Scholl-Straße 55
40789;Kaufland;Friedrichstraße 20
40789;Netto Marken-Discount;Ernst-Reuter-Platz 27
40789;Edeka;Rathausplatz 20
40878;Aldi Süd;Calor-Emag-Straße 8
40878;CENTERSHOP;Calor-Emag-Straße 8
40878;Penny;Stadionring 4
40882;EDEKA Kels;Homberger Straße 6
40885;Rewe;Speestraße 18
41061;Esma Supermarkt;Hindenburgstraße 149
41061;SuperBioMarkt;Lüpertzender Straße 112
41061;Soanh Asia Supermatkt;Bismarckstraße 15
41061;Aymar Food;Erzbergerstraße 92
41061;Tante LeMi;Gasthausstraße 70
41063;Netto;Eickener Straße 158
41063;Edeka;Badenstraße 19
41066;Netto;Engelblecker Straße None
41066;Edeka;Hansastraße 99a
41068;Netto;Waldnieler Straße 10
41068;Penny Markt;Mürrigerstraße 23-25
41069;Penny;Josef-Drauschke-Straße 97
41169;Haushaltswaren;Vorster Straße 291
41236;Rewe;Hauptstraße 42
41236;Penny;Odenkirchener Straße 179
41236;denn's Biomarkt;Odenkirchener Straße 34
41236;Andalus Markt;Gracht 6
41236;Kaas Frischdienst;Dorfbroicher Straße 33
41236;Netto;Keplerstraße 12
41236;ALDI SÜD;Markt 10
41236;Aldi;Odenkirchener Straße 300
41238;Lidl;Stockholtweg 100
41239;Penny;Dahlener Straße 285
41460;real,- Neuss;Breslauer Straße 2
41460;Vitamin Oase;Krefelder Straße 13a
41460;Penny;Krefelder Straße 33
41460;Aldi;Oberstraße 93
41460;Rewe City;Büchel 48
41460;Reformhaus Bacher Neuss;Büchel 15
41466;Rewe;Am Reuschenberger Markt 1
41468;Edeka;Rheinfährstraße 117c
41468;Nah & Frisch;Cyriakusplatz 5
41469;Edeka;Schellbergstraße 9
41469;Penny;Euskirchener Straße 7-11
41515;Naturkost Graswurzel;Dechant-Schütz-Straße 9
41515;Kaufland;Ostwall 31
41515;Netto Markendiscount;Kölner Straße 38-46
41516;REWE Markt;Marktplatz 9
41516;Aldi Süd;"Marktplatz 3;5"
41516;Körnerecke;Marktplatz 14
41539;Aldi Süd;Kölner Straße 98
41542;PENNY Markt;Wilhelm-Zaun-Straße 64
41569;Rewe;Venloer Straße 6
41747;Netto Marken-Discount;Löhstraße 21
41751;Netto;Rheindahlener Straße 57
41836;Rewe;Fichtenstraße 2
41849;Penny;Erkelenzer Straße None
42103;Akzenta;Tannenbergstraße 58
42103;Lidl;Hofkamp 113-119
42103;Aldi Nord;Steinbecker Meile 6
42103;AGRÓ Italienischer Supermarkt;Hofkamp 73-75
42105;Netto;Hochstraße 56
42105;Aldi Nord;Briller Straße 179
42107;VIVA ASIA;Gathe 35
42107;TEMA Supermärkte;Gathe 48
42107;TEK Market;Gathe 34
42107;Penny;Kieler Straße 34
42107;Aldi Nord;Neuenteich 91
42107;El-Khawas;Ostersbaum 32
42107;Türkischer Supermarkt;Opphofer Straße 10
42109;Aldi Nord;Weinberg 107
42115;Weinquelle Hornig;Bayreuther Straße 50c
42117;Kapadokya;Friedrich-Ebert-Straße 175
42117;Alexander Petersen;Heimatplan 12
42117;Netto;Friedrich-Ebert-Straße 127
42119;Aldi Nord;Ronsdorfer Straße 2
42277;Netto;Wichlinghauser Straße 14
42277;Netto;Weiherstraße 2
42277;Lidl;Höfen 52
42277;Issa Markt;Wichlinghauser Straße 10
42277;Dilara Supermarkt;Berliner Straße 157
42277;Orient Markt;Schwarzbach 4
42277;Eine Welt Laden Wichlinghausen;Westkotter Straße 187
42281;Mix Markt;Klingelholl 32-34
42281;Lidl;Hatzfelder Straße 10
42281;Aldi;Märkische Straße 277
42281;REWE Ihr Kaufpark;Hatzfelder Straße 296
42281;Netto;Märkische Straße 279
42283;Netto;Unterdörnen 91
42283;Z.U.M. Supermarkt;Friedrich-Engels-Allee 352
42289;Edeka-Center Billstein;Albertstraße 42-45
42289;Aldi Nord;Heckinghauser Straße 218
42289;Netto;Heckinghauser Straße 113
42327;Akzenta;Am Stationsgarten 2
42329;Marché Mediterrané;Kaiserstraße 170
42329;Aldi Nord;Westring 320
42329;Netto;Kaiserstraße 112
42329;Aldi Nord;Kaiserstraße 33
42329;Kaufland;Kaiserstraße 41
42349;Netto;Cronenberger Straße 334
42349;Rewe;Küllenhahner Straße 56
42489;Aldi Nord;Parkstraße 2
42499;Aldi;Stahlschmidtsbrücke 15
42499;Aldi Nord;Bahnhofstraße 24
42551;Lidl;Güterstraße 11
42551;Penny;Schloßstraße 65
42553;Edeka Thiel;Am Rosenhügel 40-42
42555;Rewe;Kamper Straße 30
42579;Aldi Nord;Höseler Straße 65
42579;Rewe;Höseler Straße 63
42697;Penny-Markt;Mittelstraße 2
42697;Rewe;Düsseldorfer Straße 14
42697;Jordan Olivenöl Genuss Shop;Landwehr 25
42719;Netto;Altenhofer Straße 1
42781;Rewe;Dieker Straße 101
42781;ALDI Nord;Düsseldorfer Straße 49
42799;Edeka Bonus;Solinger Straße 7
42799;Bioladen am Bahnhof;Am Bahnhof 4
42853;alem Supermarkt;Blumenstraße 14
42857;Netto;Kronprinzenstraße 11
42857;REWE Ihr Kaufpark;Kronprinzenstraße 1
42859;Rewe-Ihr-Kaufpark;Bismarckstraße 87
44135;Asien Supermarkt Suresh;Brüderweg 6-8
44135;Netto;Burgwall 2
44135;ALLYOUCANmiet;Brückstraße 20-26
44135;DM Drogeriemarkt;Ostenhellweg 27-29
44137;Edeka z.Zt. Totalumbau;Sonnenplatz 11
44137;Netto;Rheinische Straße 84
44137;denn's Biomarkt;Lindemannstraße 6-8
44139;Rewe;Saarlandstraße 76-80
44141;Edeka Nüsken;Im Defdahl 96
44141;SuperBioMarkt;Westfalendamm 285
44147;Lidl;Schützenstraße 126
44147;arena Einkaufszentrum;Erwinstraße 47
44149;Real;Wulfshofstraße 6-8
44225;Treffpunkt Bio UG;Mergelteichstraße 47
44225;SuperBioMarkt;Harkortstraße 18
44225;Aldi Nord;Luisenglück 30
44229;E-Markt;Hagener Straße 310-314
44229;Edeka Aydin;Löttringhauser Straße 230
44263;REWE Dortmund;Hörder Bahnhofstraße 8-14
44267;REWE-Center Budnik & Homberg oHG;Pfarrer-Rüter-Weg 2
44269;EDEKA Pelzer Stadtkrone;Lissaboner Allee 7
44287;Aldi;Schleefstraße 15
44287;Real;Schleefstraße 15
44309;Lidl;Brackeler Hellweg 154-156
44309;SuperBioMarkt;Brackeler Hellweg None
44319;Rewe;Asselner Hellweg 94
44319;Netto;Asselner Hellweg 179
44319;TEKA Tiefkühlmarkt;Wickeder Hellweg 152
44328;Rewe;Mackenrothweg 6
44357;Netto;Westerfilder Straße 32
44357;Rewe;Bodelschwingher Straße 147
44357;DERYA Frische Center;Westerfilder Straße 29
44357;Wostok;Wattenscheidskamp 12
44359;TUTAK Frischmarkt;Hansemannstraße 85
44369;Netto Marken-Discount;Rahmer Straße 312
44379;Penny Markt;Martener Straße 348
44379;Netto Marken-Discount;Martener Straße 294
44388;Rewe;Provinzialstraße 387g
44532;Rewe;Viktoriastraße 3
44532;Rewe;Baukelweg 3
44536;Edeka Frischemarkt Bösel;Brambauerstraße 227
44536;Netto - Marken Discount;Linnenkamp 2
44575;EDEKA Gronemann;Dortmunder Straße 32
44575;Netto;Herner Straße 83
44575;Kaufland;Widumer Tor 1
44577;Lidl;Dortmunder Straße 185
44577;Edeka Richter;Dortmunder Straße 185
44579;Penny;Lange Straße 95-97
44579;Rewe;Recklinghauser Straße 335
44581;Aldi Nord;Lambertstraße 2a
44581;Edeka;Marktplatz Ickern 8
44581;Aldi Nord;Marktplatz Ickern 2
44623;Rewe;Siepenstraße 12
44623;City-Center;Bahnhofstraße 7
44623;Penny;Bochumer Straße 16-18
44623;Edeka;Bebelstraße 4
44623;Kornmühle Herne;Viktor-Reuter-Straße 13
44627;Edeka Ziob;Mont-Cenis-Straße 267
44649;Cappadocia Market;Hauptstraße 284
44651;Netto Marken-Discount;Edmund-Weber-Straße 210
44651;netto city;Hauptstraße 25
44651;EDEKA;Eickeler Straße 25
44789;REWE City;Königsallee 30
44791;Aldi Nord;Castroper Straße 206
44791;Edeka;Zechenstraße 8
44791;Penny Markt;Castroper Straße 270
44791;Rewe;Grüner Weg 44
44791;Edeka;Castroper Straße 202-210
44791;Lidl;Am Einkaufszentrum 24
44793;Aldi;Bessemerstraße 85
44793;Edeka Burkowski;Alleestraße 38-40
44793;Cappadocia;Alleestraße 27
44793;Penny Markt Jahrhunderthalle;Alleestraße 65a
44795;Rewe;Karl-Friedrich-Straße 116
44795;Pro-Biomarkt;Karl-Friedrich-Straße 123
44795;Rewe;Hattinger Straße 223a
44797;Rewe;Kemnader Straße 304
44799;EDEKA;Brenscheder Straße 59
44799;Rewe;Brenscheder Straße 56a
44799;Netto;Brenscheder Straße 56
44803;REWE Lenk;Wittener Straße 248
44803;Edeka;Wasserstraße 105a
44803;Sahin;Markstraße 116
44803;REWE Lenk;Wittener Straße 133
44803;Biokauf;Wittener Straße 111
44803;ALDI;Lindengraben 14
44803;Netto;Wasserstraße 28
44807;Lidl;Vierhausstraße 110
44809;Aldi;Riemker Straße 13
44809;Penny;Herner Straße 109a
44809;netto;Dorstener Straße 425
44809;Niggemann Foodfrischemarkt GmbH;Speicherstraße 4-8
44867;REWE Mokanski;Westenfelder Straße 202
44867;Rewe-Mokanski;Wattenscheider Hellweg 163-165
44869;Edeka;Ruhrstraße 149-153
44869;Aldi;Höntroper Straße 67
44869;Penny;Ginsterweg 35
44879;Rewe;Dr.-C.-Otto-Straße 116-120
44879;Rewe;Hattinger Straße 807
44879;Lidl;Dr.-C.-Otto-Straße 141
44879;Netto Marken-Discount;Hattinger Straße 777
44879;Anadolu Lebensmittel;Dr.-C.-Otto-Straße 132
44892;Real;Hauptstraße 212
44892;Aldi;Unterstraße 56
44892;Umut Supermarkt;Alte Bahnhofstraße 205
44892;Gül Market;Alte Bahnhofstraße 25
44892;Unser Lebensmittelpunkt;Alte Bahnhofstraße 179
44894;ALDI Nord;Werner Hellweg 502
44894;Rewe;Nörenbergstraße 25
44894;Frühling Markt;Werner Hellweg 490
45128;Edeka Peine;Gutenbergstraße 23
45130;Edeka Peine;Klarastraße 74
45130;Edeka Hundrieser;Rüttenscheider Straße 62
45130;Rewe;Rüttenscheider Straße 94
45130;Flora-Apotheke;Rüttenscheider Straße 83
45130;Aldi Nord;Rüttenscheider Straße 62
45133;Rewe;Bredeneyer Straße 4a
45133;Netto;Heinrich-Held-Straße 33
45133;EDEKA Kels;Bredeneyer Straße 130-138
45134;Rewe Köster in Essen-Rellinghausen;Frankenstraße 54
45138;Rewe Budow;Steeler Straße 178
45138;Asiatische&Orientalische Feinkost;Steeler Straße 159
45139;Aldi Nord;Natorpstraße 26-30
45141;Aldi Nord;Twentmannstraße 7 - 11
45141;Adim Supermarkt;Süderichstraße 8
45141;Gilde Essen;Lützowstraße 10
45141;Rewe;Stoppenberger Straße 61
45141;Aldi;Katzenbruchstraße 78
45143;Real;Haedenkampstraße 21
45143;Penny Markt;Kopernikusstraße 2 - 6
45143;Aldi;Altendorfer Straße 226
45143;Edeka Center Burkowski;Altendorfer Straße 230
45144;Rewe;Kerckhoffstraße 156a
45144;Rewe;Frohnhauser Straße 238-240
45144;Netto;Frohnhauser Straße 385
45144;Polonia Market;Frohnhauser Straße 282
45147;Aldi Nord;Papestraße 42
45147;Penny;Gemarkenstraße 114-116
45147;EDEKA Daniels;Holsterhauser Platz 1
45239;Bioland Maas;Margrefstraße 18
45239;Edeka;Velberter Straße 2-6
45276;Rewe;Grendplatz 5
45276;Rewe;Bochumer Landstraße 210
45277;Edeka Lemberg;Schaffelhofer Weg 17
45277;EDEKA;Schulte-Hinsel-Straße 25
45279;Bioland - Ökologischer Landbau;Weg am Berge 39
45279;Edeka Struwe;Philosophenweg 33
45279;Aldi Nord;Dahlhauser Straße 179
45289;Edeka;Alte Hauptstraße 100
45326;Aldi Nord;Wilhelm-Nieswandt-Allee 198
45326;Rewe Grob;Lierfeldstraße 3
45327;Ata Market;Beisenstraße 88
45327;Lidl;Katernberger Straße 76
45327;Yeşil Market (geschlossen);Zollvereinstraße 5
45327;Rewe;Katernberger Straße 42
45329;Lidl;Karnaper Straße 139
45329;Penny Markt;Altenessener Straße 610
45329;Polnische und Schlesische Spezialitäten;Altenessener Straße 386
45329;Rewe;Sigambrerweg 2
45356;Netto - Marken-Discounter;Levinstraße 157
45357;Lidl;Donnerstraße 201
45359;Aldi Nord;Aktienstraße 42
45359;Aldi;Frintroper Straße 422
45359;Rewe;Frintroper Straße 420
45468;Netto Filiale;Friedrich-Ebert-Straße 39
45478;Penny;Duisburger Straße 367
45478;Sonnenblume;Hansastraße 16
45479;Edeka;Bülowstraße 93
45481;denn's Biomarkt;Düsseldorfer Straße 203
45527;Rewe;Thingstraße None
45657;Lidl;Hertener Straße 100
45657;Aldi Nord;Hubertusstraße 68
45657;Aldi;Oerweg 50
45657;Netto;Hubertusstraße 73
45657;denn's Biomarkt;Halterner Straße 20
45657;Lebewehr - Biomarkt;Herzogswall 31
45659;REWE Markt Engelhardt;Westring 1
45659;Netto;Herner Straße 131
45659;Penny;Friedrich-Ebert-Straße 8
45661;Safran Market;Bochumer Straße 205
45661;Lidl;Bochumer Straße 222
45661;Kant Markt;Westfalenstraße 86a
45665;Aldi Nord;Schulstraße 47
45665;EDEKA Zutz;Ehlingstraße 48
45665;Lidl;Sachsenstraße 101b
45665;Netto;Becklemer Weg 7
45665;Norma;Amelandstraße 23
45665;Frischmarkt;Sachsenstraße 164
45665;Penny;Dortmunder Straße 15
45701;Netto Marken-Discount;Scherlebecker Straße 266
45701;Aldi;Zum Bahnhof 4
45701;Lidl;Bahnhofstraße 140-142
45731;Rewe;Egelmeer 20a
45731;Rewe;Industriestraße 1
45731;Aldi;Am Schwarzbach 8
45739;Kaufland;Berliner Platz 14
45739;Thomas Phillips;Im Buschkamp 41-43
45739;Netto Marken-Discount;Stimbergstraße 197
45739;Aldi;Stimbergstraße 138
45772;Edeka;Dümmerweg 242
45772;Aldi;Zechenstraße 47
45772;Lidl;Victoriastraße 99
45772;Lidl;Dümmerweg 201
45772;Penny;Zechenstraße 28
45772;Netto Marken-Discount;Zechenstraße 3
45879;Aldi Nord;Klosterstraße 1
45879;REWE;Margarethe-Zingler-Platz 1
45879;Netto Marken-Discount;Bahnhofstraße 85
45881;LIDL;Uferstraße 3
45881;Mevlana Supermarkt;Grenzstraße 99
45883;Heßler-Markt;Fersenbruch 28
45884;Netto Marken-Discount;Steeler Straße 103
45884;NORMA;Karl-Meyer-Straße 11
45884;Penny;Karl-Meyer-Straße 5
45884;Rewe;Steeler Straße 89
45884;SOPO (Sonderposten);Karl-Meyer-Straße 25
45886;kauVer;Am Dördelmannshof 2
45888;Netto Marken-Discount;Bismarckstraße 150
45889;ADA Market - Lebensmittel;Bickernstraße 104
45896;Netto;Polsumer Straße 165
45896;Aldi;Polsumer Straße 133
45896;Penny;Polsumer Straße 216
45897;Rewe;Horster Straße 212
45897;Netto;Emil-Zimmermann-Allee 16
45897;Penny;Horster Straße 237
45897;Aldi-Nord;Emil-Zimmermann-Allee 20
45897;SuperBioMarkt;Horster Straße 42
45897;TEPE Market;Horster Straße 186
45964;REWE Ihr kaufpark;Hornstraße 15
45964;Netto Marken-Discount;Hochstraße 10
45964;Norma;Hochstraße 51-53
45966;Edeka;Leineweberweg 85
45966;Netto Marken-Discount;Voßstraße 162
45966;Penny;Feldhauser Straße 221
45968;Rewe - Dick;Horster Straße 160
45968;Karadeniz Market;Horster Straße 254
45968;Ilay Supermarkt;Horster Straße 440
46045;Rewe Kaufpark;Ebertstraße 6
46047;Edeka;Falkensteinstraße 130
46047;Penny;Straßburger Straße 145
46149;REWE Ihr kaufpark;Buschhausener Straße 190-196
46236;Kaufland;Berliner Platz 8
46236;Netto;Osterfelder Straße 1
46238;Rewe;Horster Straße 247
46242;Edeka Zurheide;Am Südring-Center 11
46242;Aldi Süd;Am Südring-Center 3
46282;Lidl;Marler Straße 137
46282;Aldi;Klosterstraße 107
46282;Rewe;Gahlener Straße 126
46282;Rewe;Platz der Deutschen Einheit 1
46282;Aldi;Alleestraße 17
46282;Edeka Weierstahl;An der Seikenkapelle 23
46282;Rewe;Händelstraße 161
46282;Penny;Händelstraße 157
46282;Kaufland;Westwall 61
46284;Ihr frischmarkt;Hauptstraße 36a
46284;Netto Marken-Discount;Borkener Straße 144
46284;Aldi Nord;Borkener Straße 170
46325;Aldi;Nina-Winkel-Straße 2
46325;Netto;Nina-Winkel-Straße 2
46325;Agravis;Weseler Straße 2
46325;Lidl;Raiffeisenstraße 5
46325;Penny-markt GmbH;Butenwall 93
46342;Rewe ihr Kaufpark;Coesfelder Straße 25
46348;Edeka;Silvesterstraße 8
46354;Edeka;Bahnhofstraße 42
46395;Edeka;Niersstraße 1-3
46395;Aldi Süd;Friesenstraße 19
46395;Bioladen;Kaiser-Wilhelm-Straße 34
46397;Netto;Niederbruch 2
46395;Edeka;Kurfürstenstraße 145
46414;Norma;Münsterstraße 58
46483;Aldi Süd;Esplanade 18
46483;Kaas Frischdienst;Grünstraße 120
46485;Pamukkale;Friedenstraße 68
46487;Edeka;Gravinsel None
46499;Netto;Ringenberger Straße 27
46499;Edeka;Bahnhofstraße 47
46499;Netto;Rheinstraße 1a
46499;Rewe;Sperlingstraße 1
46509;Penny;Viktorstraße 12
46509;Bio Logisch Naturkost;Viktorstraße 3
46514;Lieferservice Hartmann  Geflügel & Brot & Eier;Im Schwarzen Grund 10
46535;Netto;Buchenstraße 97
46562;Edeka;Friedrich-Wilhelm-Straße 9
47051;Pro Biomarkt;Stapeltor 6
47051;Netto Marken-Discount;Alte Rheinstraße 29
47051;Asia Markt Duisburg;Mercatorstraße 50
47053;Depo;Grunewaldstraße 79
47058;Netto;Falkstraße 59
47059;Netto Marken-Discount;Albertstraße 8
47059;Penny;Javastraße None
47119;Aldi Süd;Friedrich-Ebert-Straße 36
47139;Netto;Herzogstraße 4
47139;Netto;Haus-Knipp-Straße 57
47167;Hofladen Enninghorst;Obere Holtener Straße 62b
47167;Edeka Jucknies;Kaiser-Friedrich-Straße 278
47169;Aldi Süd;August-Bebel-Platz 20
47179;Kaufland;Kometenplatz None
47226;Edeka Center Marktforum;Atroper Straße None
47226;Norma;Friedrich-Ebert-Straße 121
47226;Netto Marken-Discount;Schwarzenberger Straße 43
47228;Edeka Center EKZ;Asterlager Straße 90
47239;Edeka Timmler;Düsseldorfer Straße 107
47249;BioMarkt Buchholz;Münchener Straße 48
47259;Edeka;Düsseldorfer Landstraße 361
47259;LIDL;Mündelheimer Straße 184
47269;Netto;Angermunder Straße 8
47443;Aldi;Franz-Haniel-Straße 90
47445;Edeka Gerdes;Kurt-Schumacher-Allee 32
47445;Bioladen XXL;Lintforter Straße 11
47475;Real;Moerser Straße 221
47475;Kiwitt Land Leben Lecker;Amselstraße 4a
47506;Penny;Niederrheinallee 81
47506;TEDi;Niederrheinallee 81
47509;Netto Marken-Discount;Bahnstraße 18-20
47533;Netto Marken-Discount;Borselstege 11
47533;Penny;Materborner Allee 11
47533;Edeka Brüggemeier;Ludwig-Jahn-Straße 7-15
47546;Aldi Süd;Xantener Straße 15
47608;Netto Marken-Discount;Issumer Tor 23
47647;Netto Markendiscount;Kempener Landstraße 1
47652;REWE-Markt Arians;Cyriakusplatz 3
47661;Netto Marken-Discount;Weseler Straße 45
47798;Sofra Supermarket;Ostwall 54
47798;Netto Marken-Discount;Sternstraße 62-68
47798;Asia Shop;Hülser Straße 20
47798;Sahin Market;Sternstraße 52-56
47799;Edeka;Grenzstraße 155
47799;Rewe;Uerdinger Straße 123
47799;denn's Biomarkt;Uerdinger Straße 123
47800;Netto City;Uerdinger Straße 602-604
47802;Penny Markt Elfrather See;Alte Rather Straße 102
47804;Rewe;Randstraße 4
47805;Norma;Kölner Straße 235
47805;Lidl;Dießemer Bruch 87
47805;Lidl;Gladbacher Straße 326
47805;Aldi Süd;Saumstraße 6
47805;Edeka Kempken;Fütingsweg 73
47805;Aldi Süd;Kochstraße 46
47807;Rewe City;Kölner Straße 524
47809;Penny;Danziger Platz 7
47809;Netto;Hauptstraße 54
47809;Netto;Hafenstraße 58
47829;Netto Marken-Discount;Traarer Straße None
47829;Lidl;An der Kesselschmiede 2
47839;Netto Marken-Discount;Auf dem Graben 26
47877;Wajos Depot Willich;Bahnstraße 10
48143;Rewe;Alter Steinweg 25-27
48143;SuperBioMarkt;Ludgeristraße 100
48143;Edeka xpress;Aegidiistraße 27
48145;Rewe;Warendorfer Straße 54
48145;Netto;Schifffahrter Damm 24
48147;Rewe;Am Kreuztor 5-6
48147;Netto City;Hoher Heckenweg 132
48147;Edeka;Gartenstraße 83
48147;Aldi;Bohlweg 66-68
48149;Studis;Rudolf-Harbig-Weg 55
48149;Superbiomarkt;Grevener Straße 61a
48149;Mehr Markt;Hüfferstraße 54
48149;Rewe;Catharina-Müller-Straße 4-8
48149;Aldi;Catharina-Müller-Straße 6
48153;Rewe;Hammer Straße 89
48153;Lidl;Robert-Bosch-Straße 2
48153;SuperBioMarkt;Hammer Straße 126
48153;denn's Biomarkt;Hammer Straße 39
48153;Lidl;Hammer Straße 153
48153;Edeka Stroetmann;Friedrich-Ebert-Straße 143
48155;Fodi XL;Eulerstraße 2
48155;Netto Marken-Discount;Wolbecker Straße 11
48155;Netto Marken-Discount;Wolbecker Straße 220-226
48157;Edeka;Hamannplatz 2
48157;Gelmer Markt;Gittruper Straße 6
48157;Lidl;Dorbaumstraße 108
48159;Lidl;York-Ring 22
48159;Rewe Ihr Kaufpark;Dorpatweg 8
48159;Woolworth;Idenbrockplatz 23
48159;Lidl;Westhoffstraße 138
48159;Rewe;Westhoffstraße 110
48159;Rewe;Westhoffstraße 1
48163;Edeka;Dülmener Straße 45
48163;Netto;Dülmener Straße 22a
48163;Lidl;Dingbängerweg None
48165;K+K;Hohe Geest 34
48165;SuperBioMarkt;Marktallee 48
48165;K+K;Westfalenstraße 218
48165;Ural;Marktallee 5
48165;Netto;Osttor 46
48165;Edeka Wiewel;Bergiusstraße 3
48165;Aldi;Bergiusstraße 8
48268;EDEKA;Grimmstraße 1
48268;Aldi;Kardinal-von-Galen-Straße 4
48268;Edeka;Schützenstraße 8
48268;Rewe;Martinistraße 25
48291;Aldi;Orkotten 11-13
48308;Edeka;Münsterstraße 11
48308;Rewe Center Eckmann;Herrenstraße 33
48329;Aldi;Blickallee 40
48329;K&K;Blickallee 42
48329;Edeka;Blickallee None
48329;Lidl;An der Feuerwache 35
48341;Aldi;Lütke Berg 3
48369;Edeka;Grevener Straße 22
48429;Aldi;Windmühlenstraße 3
48429;Mix Markt;Alter Lingener Damm 15
48429;Real;Lingener Straße 19
48429;Lidl;Elter Straße 234
48429;K+K;Osnabrücker Straße 11
48431;Edeka;Pfarrer-Bergmannshof-Platz 17
48431;SuperBioMarkt;Otto-Bergmeyer-Straße 5
48431;Edeka;Felsenstraße 1a
48431;ALDI;Nienbergstraße 100
48431;Combi Markt;Kardinal-Galen-Ring 4
48432;Lidl;Bonifatiusstraße 234a
48432;Dorfladen;Brückenstraße 57
48465;EDEKA;Graf-Egbert-Straße 9
48465;K+K;Färberstraße 2
48529;Kaufland;Bentheimer Straße 118b
48529;Netto Marken-Discount Nordhorn;Gildehauser Straße 234/236
48565;EDEKA Schramke;Leerer Straße 141
48565;Aldi Nord;Gantenstraße 8
48565;Lidl;Baumgarten 1
48565;Netto;Baumgarten 2
48607;K + K Verbrauchermarkt;Bahnhofstraße 27
48607;Aldi Nord;Bahnhofstraße 37
48607;Unser Laden;Dorfstraße 5
48629;Netto;Wersche 3
48629;K+K;Neutor 28
48653;K & K;Wiesenstraße 44
48653;Netto;Kleine Viehstraße 27
48720;NORMA;Legdener Straße 4
48727;EDEKA Neuhäuser;Münsterstraße 28
49074;Edeka Kutsche;Johannisstraße 58
49074;Edeka Schröder;Petersburger Wall 29
49076;Combi;Natruper Straße 24
49078;Kaufland;Kurt-Schumacher-Damm None
49078;allfrisch;Lotter Straße 58
49078;SuperBioMarkt;Lotter Straße 75
49080;Rewe City;Heinrichstraße 37
49080;Edeka Lissy Rieke Straße;Lissy-Rieke-Straße None
49080;denn's Biomarkt;Weidenstraße 20
49082;EDEKA Möllenkamp;Iburger Straße 38
49082;Lidl;Iburger Straße 225
49082;Gölbasi Markt;Iburger Straße None
49082;denn's Biomarkt;Iburger Straße 223
49084;Penny;Bremer Straße 47 a
49084;Sinem Süpermarket;Schützenstraße 51
49084;Penny;Buersche Straße 35
49084;Nah und Gut Moellenkamp;Schützenstraße 58-60
49084;Gölbasi markt;Belmer Straße 38
49088;Netto Marken-Discount;Bramscher Straße 159
49090;EDEKA Kutsche;Natruper Straße 233
49090;Aldi;Pagenstecherstraße 144d
49090;Edeka nah und gut Brörmann;Bramstraße 4-10
49176;Netto;Bielefelder Straße 37
49176;REWE MARKT Krebs oHG;Bielefelder Straße None
49179;Pusteblume Naturkost;Kirchplatz 10
49179;Edeka Kuhlmann;Bremer Straße 33
49196;K+K Markt;Glandorfer Straße 15
49205;nah & frisch Gaste;Hauptstraße 53
49324;Combi;Oldendorfer Straße 48
49377;Aldi;Diepholzer Straße 1
49377;ALDI;Falkenweg 6
49377;Seeger-Druck;Münsterstraße 4
49377;NP Discount;Hauptstraße 5
49377;Rewe;Oythe 3
49413;Edeka;Quakenbrücker Straße 8
49413;Netto Marken-Discount;Drostestraße 4
49434;Lidl;Hakenstraße 2
49477;K+K;Rheiner Straße 66
49477;K+K Verbrauchermarkt;Rheiner Straße 29
49477;LIDL;Osnabrücker Straße 97
49477;Aldi;Rheiner Straße 68
49479;Steinofenbäcker;Maybachstraße 11
49497;Action;Ibbenbürener Straße 1
49497;Aldi Nord;Recker Straße 5
49509;Edeka Göcke;Kirchstraße 20
49509;Aldi;Rothertshausener Straße 18
49509;Lidl Recke;Klosterstraße 1
49509;Netto;Hopstener Straße 5
49525;Aldi;Tecklenburger Straße 12
49584;EDEKA-Neukauf;Werner-von-Siemens-Straße None
49593;Combi;Lindenstraße 28
49593;Kaufland;Robert-Bosch-Straße 4
49594;Combi Supermarkt;Hauptstraße None
49594;Netto;Gosestraße 2
49635;Netto;Bahnhofstraße 4
49661;Thomas Deeken;Friesoyther Straße 34
49661;Famila;Cappelner Straße 4
49685;Naturkostladen Ginkgo;Flachsmoor 1
49688;EDEKA Kosmis;Ladestraße 7
49696;Aldi Nord;Alter Schützenplatz 1
49696;Lidl;Cloppenburger Straße 33
49696;Edeka;Alter Schützenplatz 1
49744;Aldi Nord;Meppener Straße None
49757;Rewe;Sögeler Straße 22
49808;Aldi;Meppener Straße 131
49808;Lidl;Meppener Straße 129
49808;Lidl;Lindenstraße None
49808;Edeka;Waldstraße 71
49808;ContiMarkt;Meppener Straße 127
49808;Medina Markt;Bauerntanzstraße 10
49808;Netto Marken-Discount;Emsanger 3
49808;Kornblume;Kivelingstraße 10
49809;Aldi;Friedrichstraße 15
49811;Markant Markt Dohle;Mundersumer Straße 6
49835;Aldi Nord;Lohner Straße 1
49835;Lidl;Hermelingdiek 2
49835;Edeka;Schützenplatz 4
49835;Netto;Hauptstraße 41
49843;K+K;Kappenberghof 4
50126;Kaufland;Hauptstraße 23
50126;Rewe;Zeppelinstraße 11
50127;Al Kauf;Köln-Aachener-Straße 58
50169;Aldi Süd;Hauptstraße None
50169;Lidl;Heerstraße 1
50169;REWE Richrath;Hauptstraße 331-335
50169;Rewe Supermarkt;Am Markt 8
50171;Thomas Philipps Sonderposten;Stiftsstraße 254-256
50171;kik;Stiftsstraße 254-256
50171;Rewe;Stiftsstraße 224-256
50321;Netto Marken-Discount;Markt 11
50321;Rewe;Balthasar-Neumann-Platz 24
50354;REWE Richrath;Ernst-Reuter-Straße 44
50354;Nahkauf;Luxemburger Straße 348
50389;Mevlana Market;Flach-Fengler-Straße 89
50667;Aldi Süd;Richmodstraße 31
50667;Naturata;Krebsgasse 5-11
50667;Lidl;Neumarkt 8-10
50668;好运多超市;Eigelstein 16
50668;Lebensmittel Vasam;Thürmchenswall 74
50668;Karadag;Eigelstein 75
50668;Rewe;Eigelstein 80-88
50668;Ankara;Weidengasse 52
50670;REWE Ziegler;Neusser Straße 100
50670;Rewe City;Neusser Straße 5-7
50670;BIOSAM;Neusser Straße 55
50670;Kraut & Rüben;Balthasarstraße 52
50672;Hulc Bio-Food;Venloer Straße 30
50672;Rewe City;Venloer Straße 23
50672;Alnatura;Bismarckstraße 27-29
50674;basic;Hohenstaufenring 28
50674;Netto City;Aachener Straße 64
50674;Rewe City;Brüsseler Straße 62
50674;Lidl;Habsburgerring 2
50674;Rewe City;Händelstraße 15
50674;REWE Rahmati;Hohenstaufenring 29
50674;Asia & Afro Shop;Hohenstaufenring 15-17
50676;EDEKA Schallenberg;Weyerstraße 108-112
50676;Penny;Am Weidenbach 26-30
50676;Rewe;Waidmarkt 1-3
50676;Vegane Zeiten;Weyerstraße 29-31
50677;Penny;Merowingerstraße 33A
50678;denn's Biomarkt;Severinstraße 113-115
50679;REWE Rahmati;Deutzer Freiheit 84
50679;denn's Biomarkt;Deutzer Freiheit 95
50679;Reformhaus Bacher;Graf-Geßler-Straße 111
50679;Penny;Deutzer Freiheit 96
50739;Netto;Escher Straße 88
50739;Monis Markt;Tübinger Straße 2
50823;Rewe City;Venloer Straße 287
50825;Rewe;Widdersdorfer Straße 219
50825;Netto;Venloer Straße 474
50827;Rewe Center;Venloer Straße 601-603
50827;Andronaco;Mathias-Brüggen-Straße 80
50829;Penny;Venloer Straße 1435
50858;REWE City;Am Weidenpesch 16
50858;Netto;Am Haelentor 2
50858;Edeka Daub;Jungbluthgasse 9
50858;Alnatura;Aachener Straße 1141
50859;Rewe;Aachener Straße 1240
50931;Edeka;Dürener Straße 199-203
50931;Heng Long Asia Supermarkt;Aachener Straße 201-209
50931;denn's Biomarkt;Dürener Straße 160-162
50935;Netto;Lindenthalgürtel 69
50937;Edeka;Berrenrather Straße 339
50937;Aldi Süd;Sülzburgstraße 44-46
50937;Rewe City;Berrenrather Straße 217
50937;Rewe City;Sülzburgstraße 37
50937;Lidl;Zülpicher Straße 297
50937;Naturata;Berrenrather Straße 201
50937;Rewe City;Luxemburger Straße 150
50937;Netto City;Marsiliusstraße 34
50937;Sesam Naturwaren;Lechenicher Straße 2
50939;Real;Weißhausstraße 20-30
50939;Rewe;Luxemburger Straße 299
50939;Alnatura;Berrenrather Straße 240
50968;Temma;Schönhauser Straße 64
50968;HIT-Markt;Reiterstaffelplatz 1
50969;Rewe;Höninger Weg 185
50969;Netto;Höninger Weg 290-294
50996;Rewe Center;Hauptstraße 128
50996;B8lich Concept Store;Hauptstraße 76
50996;Aldi Süd;Hauptstraße 106
51065;Mülheimer Biomarkt;Frankfurter Straße 46
51065;Karadag;Frankfurter Straße 36
51065;Netto City;Frankfurter Straße 19-21
51065;Rewe;Waldecker Straße 19
51065;Norma;Waldecker Straße 41
51065;Lidl;Karlsruher Straße 21
51065;Supermarkt Bilad al Sham;Frankfurter Straße 64
51067;Aldi Süd;Bergisch Gladbacher Straße 634
51067;REWE Holger Rohe;Bergisch Gladbacher Straße 380
51069;Rewe;Dellbrücker Hauptstraße 92-94
51069;Bio Bazar;Dellbrücker Hauptstraße 70
51103;Netto;Buchforststraße 1
51105;Wochenmarkt Humboldt-Gremberg;Odenwaldstraße None
51107;Rather Bioladen;Rösrather Straße 622
51109;Netto;Olpener Straße 779
51143;Norma;Mühlenstraße 49
51143;Netto Marken-Discount;Mühlenstraße 53
51145;Penny;Kaiserstraße 6-8
51149;Edeka Hein;Gilgaustraße 29
51149;Mix Markt;Konrad-Adenauer-Straße 40/42
51373;REWE;Nobelstraße 3
51373;Lidl;Hardenbergstraße 80
51373;Aldi Süd;Peschstraße 11
51373;Hepsi Markt;Küppersteger Straße 3
51377;Edeka Frischecenter;Berliner Straße 2
51379;Netto Discount;Kölner Straße 122
51379;Bioladen Lebensbaum;Birkenbergstraße 23
51379;Rewe;Düsseldorfer Straße 41-45
51381;Aldi Süd;Lützenkirchener Straße 111a
51381;Netto Marken-Discount;Quettinger Straße 220
51381;Centhaus;Maurinusstraße 43
51427;Rewe;Lustheide 6-8
51427;Naturwaren Böhnke;Brandroster 38
51429;Edeka Hetzenegger;Straßen None
51429;Lidl;Kölner Straße 73
51429;Aldi;Am Stockbrunnen 2
51465;Lidl;Hauptstraße 393
51465;Aldi Süd;Kürtener Straße 1
51465;Marktkauf;Johann-Wilhelm-Lindlar-Straße 11-14
51465;Alnatura;Kürtener Straße 1-13
51465;SuperBioMarkt;Hauptstraße 131
51465;Ankara Markt;Richard-Zanders-Straße 2
51465;denn's Biomarkt;Richard-Zanders-Straße 6
51469;REWE Jakubek;Kempener Straße 79
51469;Netto City;Dellbrücker Straße 31
51469;Netto;Mülheimer Straße 237
51491;Netto Marken-Discount;Bensberger Straße 18
51503;Edeka Breidohr;Hans-Böckler-Straße 1-3
51515;Penny;Wipperfürther Straße 235
51545;Bioladen Waldbröl;Hochstraße 19
51580;Edeka;Hauptstraße 26-28
51674;Aldi Süd;Weiherplatz 4
51674;Biomarkt Landgefühl;Weiherplatz 24
51789;Aldi Süd;Altenlinde 49 a
51789;Bio im Dorf;Pollerhofstraße 2
52062;Palmyra Supermarkt;Stiftstraße 39
52062;REWE;Adalbertstraße 100
52062;Rewe City;Markt 29-31
52062;100% Natural;Promenadenstraße 11-15
52062;SONNENTOR;Dahmengraben 15
52064;Penny;Habsburgerallee 11
52066;Netto City;Bismarckstraße 125
52066;Edeka;Kapellenstraße 16-18
52066;Alnatura;Kapellenstraße 36-40
52068;Real;Breslauer Straße 35
52068;Lidl;Peliserkerstraße 69
52068;Taajcom;Eifelstraße 35
52070;AKSA Supermarkt;Rudolfstraße 51
52070;Penny;Adalbertsteinweg 34
52072;Netto;Roermonder Straße 615
52076;Penny;Schleidener Straße 164
52076;Rewe;Schleidener Straße 159
52078;Naturkost Brand;Marktplatz 26
52080;Edeka;Haarbachtalstraße 9-11
52134;Rewe;Kirchrather Straße 88
52134;Netto;Josef-Lambertz-Straße 57
52134;Lidl;Alte Bahn 9
52134;Torros Supermarkt;August-Schmidt-Platz None
52146;Penny;Jülicher Straße 20
52223;REWE Goffart;Kastanienweg 17
52223;Nahkauf Saabe;Konrad-Adenauer-Straße 123
52249;Netto;Indestraße 115
52249;Happy Markt;Merkurstraße 7
52351;Mix Markt;Arnoldsweilerstraße 31
52353;Kauflust;Arnoldusstraße 32
52353;REWE Markt;Nordstraße 42f
52382;Penny;Niederzierer Straße 86
52382;Edeka;Niederzierer Straße 86
52382;Rewe;Rurbenden 2
52382;Aldi Süd;Rurbenden 2
52385;Aldi Süd;Thumer Linde 2
52385;Rewe;Am Eisernen Kreuz 1
52385;Lidl;Thumer Weg 52
52388;Aldi Süd;Am Kreuzberg 13
52388;Rewe;Gewerbepark 51
52396;Park Shop;Schwammenauel 6
52396;Netto Marken-Discount;Hasenfelder Straße None
52499;Edeka Center Jansen;Im Kirchwinkel 5f
52499;Aldi;Im Kirchwinkel 5g
52511;Edeka;Thomashofstraße 8-14
52511;Lidl;Gutenbergstraße 3
52525;Aldi Süd;Raiffeisenstraße 4
52525;Edeka;Sebastianusstraße 31
52525;Edeka;Johannesstraße 87
52525;Netto Marken-Discount;Karl-Arnold-Straße 97
52531;Rewe;Am Wasserturm 11-17
52538;Aldi Süd;Heinrich-Josef-Otten-Straße 2
52538;Rewe;Sittarder Straße 62
52538;Netto;Heinrich-Josef-Otten-Straße 1
52538;Penny Markt;Lindenstraße 2
52538;Lidl;In der Fummer 14
52538;Aldi Süd;In der Fummer 3
52538;Rewe;In der Fummer 1
52538;Edeka;Höngener Weg 1
52538;Aldi;Höngener Weg 1b
52538;REWE Schmitz;Bahnhofstraße 7b
52538;Penny Markt;Bahnhofstraße 138A
53111;Basic Bio;Gangolfstraße 2-4
53111;Rewe City;Heerstraße 40-42
53111;Netto City Marken-Discount;Am Johanneskreuz 8
53111;Salam Market;Kölnstraße 131
53111;Grüner Laden;Breite Straße 53
53111;Tains 大熊猫超市;Oxfordstraße 12-16
53111;Thai-Viet Asia Markt;Kölnstraße 121
53111;Rewe;Friedensplatz 1-3
53111;Aldi Süd;Kölnstraße 102
53111;Mini Super Persepolis;Rosental 20
53111;Aldi Süd;Poststraße 23
53113;Rewe City;Weberstraße 118
53113;Netto;Bonner Talweg 83
53115;EDEKA Steilen;Königstraße 79-81
53115;EDEKA Bachem;Sternenburgstraße 2-4
53115;EDEKA Vogl;Karlstraße 33
53115;Alnatura;Quantiusstraße 23
53115;Netto City;Clemens-August-Straße 44
53119;OBA Market;Oppelner Straße 128
53119;Edeka center Mohr;Bornheimer Straße 162
53119;Penny;Hohe Straße 55
53119;Kaufland;Oppelner Straße 122-128
53119;Nahkauf;Paulusplatz 4
53119;Aldi Süd;Agnetendorfer Straße 6
53121;Aldi Süd;Erich-Hoffmann-Straße 12
53121;denn's Biomarkt;Endenicher Straße 369
53121;Aldi Süd;Vorgebirgsbahnweg 1
53121;Edeka;Vorgebirgsbahnweg 3
53123;Penny;Bahnhofstraße 26
53123;Netto Marken-Discount;Rochusstraße 110
53123;Lidl;Basketsring 7
53123;E center Vogl;Basketsring 3
53123;Rewe;Am Schickshof 6
53127;EDEKA Schüren;Röttgener Straße 71-73
53127;EDEKA Steilen;Im Mühlenbach 2
53127;Netto City;Haager Weg 28a
53129;Edeka;Karl-Barth-Straße 92
53173;Bergfeld's Biomarkt;Alte Bahnhofstraße 20
53173;Chana's Asian Shop;Bonner Straße 65
53225;EDEKA Kipping;Clemensstraße 39-41
53225;Edeka Lange;Mirecourtstraße 15
53225;Bioladen MOMO;Hans-Böckler-Straße 1
53225;Rewe;Küdinghovener Straße 141
53225;Aldi Süd;Gartenstraße 102
53225;Aldi Süd;Hans-Böckler-Straße 3
53225;Edeka;Konrad-Adenauer-Platz 28
53225;Rewe;Friedrich-Breuer-Straße 58
53225;Aldi Süd;Hermannstraße 2
53227;Netto;Königswinterer Straße 613
53332;Nahkauf;Kirchstraße 11
53567;Vorteilscenter;Anton-Limbach-Straße 1
53577;Norma;Bahnhofstraße 9
53619;Kedik's - Ihr feiner Kaufladen;Rheinstraße 6
53639;Aldi Süd;Am Offermannsberg 2
53639;Netto City;Hauptstraße 403
53639;Edeka Buchner;Am Offermannsberg 5
53639;Aldi Süd;Aegidienberger Straße 2c
53639;Rewe;Aegidienberger Straße 2
53721;Edeka Mülln;Hauptstraße 57
53721;Penny;Zeithstraße 83-87
53721;Rewe;Barbarastraße 4
53721;NATURATA;Griesgasse 1-3
53721;Edeka;Luisenstraße 88b
53721;Netto;Luisenstraße 88
53721;Lidl;Zum Hohen Ufer 2
53721;Mix Markt;Händelstraße 14
53757;Netto;Südstraße 27-35
53757;Aldi Süd;Alte Heerstraße 64
53757;Real;Rathausallee 16
53757;Netto;Gutenbergstraße 1
53757;Vier Jahreszeiten;Siegstraße 22
53757;Beeomarkt Hangelar;Vilicher Straße 1
53757;Rewe;Schulstraße 5
53757;DAWAI Markt;Südstraße 27
53773;HIT;Adenauerplatz 2
53773;ALDI-Süd;Lindenstraße 4
53783;Gase Lüdenbach;Altebach 21
53783;Reformhaus Lichius;Markt 17
53879;PENNY Markt Jülicher Ring;Jülicher Ring 27
53879;Netto Marken-Discount;Rüdesheimer Ring 145
53879;Rewe;Veybachstraße 3
53879;Kadir Market;Alter Markt 12
53879;Polonia Market Euskirchen;Im Schilderfeldchen 29
53879;PENNY Markt Euskirchen City;Gerberstraße 25
53894;Elli Frischmarkt;Graf-Schall-Straße 42
53894;Rewe Markt;Marienau 3
53894;Rewe;St. Florian Straße 1
53894;Lidl;Mechernicher Weg 3
53902;Rewe;Josef-Jonas-Straße 5
53902;Netto Marken-Discount;Kölner Straße 39
53925;Lidl;Hüttenstraße 98
53925;Aldi Süd;Siemensring 8
53937;Dartenne;Hagefeld 6
53937;Nahkauf;Reidtmeisterstraße 7
53937;Netto;Marienstraße 3
53940;E. Leclerc;Boulevard Louis Armand 62
53949;Netto;Schmidtheimer Straße 30
54290;Nahkauf Möschel;Brückenstraße 4
54290;Netto Marken-Discount;Treviris-Passage 15
54290;Rewe;Fleischstraße 62
54290;Aldi;Nagelstraße 27
54290;BioGate;Palaststraße 3
54292;Aldi Süd;Paulinstraße 90-92
54292;Norma;Paulinstraße 9-11
54292;Idil;Paulinstraße 78
54292;E-Center;Zurmaiener Straße 160-168
54294;Edeka;Castelnauplatz 3
54294;Tiefkühlmarkt;Eurener Straße 141
54295;Nahkauf Surges;Gartenfeldstraße 21
54298;Johannes Dichter;Eisenacher Straße 24
54309;Frischemarkt Oeltges;Kordeler Straße 30
54329;Kaufland;Saar-Mosel-Platz 2
54329;Neukauf;Wilde Acht 7
54329;Netto;Wilde Acht 8
54338;Aldi Süd;In den Schlimmfuhren 10
54338;Netto Marken-Discount;Im Ermesgraben 1a
54411;Lidl;Gusenburger Straße 1
54411;Kaufland;Römerstraße None
54411;Norma;Donatusstraße 6
54439;Wasgau;Heckingstraße 12-14
54487;EDEKA nah und gut Erz-Decker;Bergstraße 1
54529;Commissary;Memorial Drive 173
54568;Lidl;Sarresdorfer Straße 48
54576;Norma;Wallstraße 19
54595;Rewe;Bahnhofstraße 63
54634;Aldi;Limbourgs Hof 1
54634;Edeka;Limbourgs Hof 1
54687;Rewe;Rote-Kreuz-Straße 1-3
55120;Netto Marken-Discount;Westring 7
55120;Casa Aveirense;Am Lemmchen 31a
55120;Nokta Supermarkt;Nestlestraße 63
55120;Rewe;Rheinallee 64
55124;Treff 3000;Am Sportfeld 7
55126;Edeka;Gonsenheimer Straße 66
55126;Tegut;Katzenberg 13
55126;Rewe;Am Obstmarkt 17
55126;Penny;Kurmainzstraße 17
55127;Nahkauf;Hindemithstraße 29
55263;Netto Marken-Discount;Mainzer Straße 12
55268;Rewe;Bussolengo-Platz 10-12
55291;Aldi Süd;Marie-Curie-Ring 4-8
55435;Biomarkt Planz;Bahnhofstraße 5
55457;Globus Einkaufszentrum;Binger Straße 29
55597;Aldi;In der Krummgewann None
55597;Lidl;In der Krummgewann None
55606;Maino;Mauergasse 2
55765;Rofu Kinderland;Wasserschiederstraße 40
55765;"Edeka ""Decker""";Brückener Straße 4
55765;Netto Marken-Discount;Brückener Straße 2-4
55765;Birkenfelder Biomarkt;Am Talweiher 11
55765;Raiffeisen-Markt;Achtstraße 47
56068;Aldi Süd;Bahnhofstraße 50
56068;Rewe;Hohenfelder Straße 20
56068;denn's Biomarkt;Hohenzollernstraße 34
56070;Edeka-Center Kreuzberg;Andernacher Straße 238
56070;Norma;Andernacher Straße 86
56070;Alnatura;Andernacher Straße 238
56073;HIT;Schlachthofstraße 66
56075;Penny;Potsdamer Straße 20
56077;Netto Marken-Discount;Fritz-von-Unruh-Straße 1b
56077;Norma;Arenberger Straße 22
56132;Netto;Auf der Lay 1
56154;Rewe;Säuerlingstraße None
56154;EDEKA aktiv markt;Casinostraße 58
56154;Penny;Casinostraße 60
56179;nah und gut;Gutenbergstraße 6
56179;Aldi Süd;Rheinauf 2
56179;Lidl;Rheinstraße 105
56179;Netto Marken-Discount;Rheinstraße 46
56218;Edeka;Hauptstraße 17
56235;Edeka Wersing;Marktplatz 16
56249;Penny;Rheinstraße 24c
56269;Lidl;Königsberger Straße 8
56281;Bioladen;Rhein-Mosel-Straße 34
56330;La Belle Verte;Route d'Auray 23
57072;Dornseifer Frischemarkt;Markt 9
57072;ASIA & AFRO SHOP;In der Hüttenwiese 22
57072;Majak Markt;Schlachthausstraße 3
57072;Rewe City;Am Bahnhof 40
57072;Asia Markt;Herrengarten 2
57223;Dornseifer;Marburger Straße 11
57299;Norma;Bahnhofsplatz 2
57334;EDEKA Feudingen;Sieg-Lahn-Straße 51
57368;HIT;Gartenstraße 8
57368;Aldi Nord;Hundemstraße 44
57368;Penny;Bielefelder Straße 61
57368;Bioladen;Kölner Straße 101
57368;demeter;Hundemstraße 4
57392;Rewe;Unterm Werth 24
57392;Edeka Mause;Hunaustraße 2
57392;Aldi Nord;Bahnhofstraße 42a
57392;Markant Siebrichhausen;Holthauser Straße 1
57439;Lidl;Anselm-Dingerkus-Straße 4
57482;HIT;Peter-Dassis-Ring 2
58089;Wehringhauser Bioladen;Lange Straße 57
58089;Lidl Augustastr/Elberfelder Straße;Augustastraße 4
58089;EDEKA Henschen;Zollstraße 2
58093;Bioladen Niemand;Eppenhauser Straße 52
58093;Kütük Market;Eppenhauser Straße 108
58095;Penny Am Bahnhof;Graf-von-Galen-Ring 24
58095;REWE Ihr kaufpark;Mittelstraße 20
58095;Weltladen im AllerWeltHaus;Potthofstraße 22
58119;Trinkgut;Am Paulshof 34
58119;Rewe;Bahnstraße 11a
58119;ALDI Nord;Bahnstraße 11
58119;BIO Ecke;Preinstraße 6
58135;Aldi;Enneper Straße 146a
58452;Alnatura;Bahnhofstraße 32
58452;Netto Marken-Discount;Ruhrstraße 17
58452;Arena Einkaufszentrum;Berliner Straße 7
58452;Eva;Bahnhofstraße 60
58452;Edeka Schwalemeyer;Bommerfelder Ring 110
58455;Norma;Dortmunder Straße 19
58455;Netto Marken-Discount;Billerbeckstraße 1
58507;REWE Ihr kaufpark;Brockhauser Weg 99
58507;Polnische Spezialitäten Lukullus;Im Olpendahl 4
58507;Netto Marken-Discount;Knapper Straße 28
58507;Der Bio-Garten - Fachhandel für Naturprodukte;Knapper Straße 52b
58507;Mieszko - Shop Lüdenscheid;Knapper Straße 14
58507;Taybeh Markt - Lebensmittel;Knapper Straße 59
58507;Bamyan - Mini - Market;Knapper Straße 65
58507;Bamyan - Mini - Market;Knapper Straße 65
58507;Reformhaus Vormann;Friedrichstraße 4
58509;EDEKA Preller;Unterm Freihof 1
58509;Penny;Heedfelder Straße 13
58540;HIT;Volmestraße 58
58540;Aldi Nord;Lindenstraße 18
58540;Friedrichs Reformhaus;Hauptstraße 15
58553;Aldi Nord;Bahnhofstraße 28
58553;Kaufland;Bahnhofstraße 26
58636;Rewe - Ihr Kaufpark;Mendener Straße 142
58636;Aldi Markt;Im Wiesengrund 14
58636;Lasota HAM;Giesestraße 3
58636;Fressnapf;Im Wiesengrund None
58636;Reformhaus Bacher;Wermingser Straße 29
58636;netto;Friedrichstraße 73
58638;denn's Biomarkt;Hans-Böckler-Straße 76
58640;Grand Frais;Rue Léonard de Vinci None
58642;Aldi Nord;An Pater und Nonne 3a
58642;Netto Marken-Discount;Hagener Straße 44
58730;Westicker Grillstube;Westicker Straße 81
58730;Netto Marken-Discount;Westicker Straße 85
58762;LIDL;Werdohler Straße 9
58762;Netto Marken-Discount;Rahmedestraße 31
58791;ALDI Nord - Werdohl;Heinrichstraße 6
58791;Netto Marken-Discount;Schlacht 30
58791;Netto Marken-Discount;Pungelscheider Weg 63
58791;Halk Market;Sandstraße 8
58802;Lidl;Hönnetalstraße 44
58802;Aldi Nord;Hönnetalstraße 36
58802;Markant;Mühlenweg 2
58802;Kaufpark;Hönnetalstraße 29
58809;Rewe;Werdohler Straße 25-29
58840;LIDL;Grafweg 21
58840;Rewe Kaufpark;Ziegelstraße 7
58840;HIT;Waskebieke 4
59071;Rewe;Ostwennemarstraße 118
59071;Edeka Sonnenburg;Ostwennemarstraße 100
59302;K+K;Tom-Rinck-Straße 4
59302;Netto;Oelder Tor 3
59302;Aldi;Lindenstraße 11
59302;EDEKA Junkerkalefeld;Warendorfer Straße 16
59302;Rewe;Warendorfer Straße 109
59302;Netto;Lange Straße 39
59348;Lidl;Valve 42
59348;Edeka;Dülmener Straße 26
59348;Aldi;Dülmener Straße 28
59348;Niemeyer's Biomarkt;Mühlenstraße 5
59368;Rewe;Klöcknerstraße 1
59379;Netto;Kreisstraße 91
59379;Lidl;Ferdinand-Spahn-Weg 1
59387;Aldi;Lüdinghauser Straße 14
59387;EDEKA Elbers;Plettenbergerstraße 10a
59394;Aldi;An der Post 2
59394;Edeka;An der Mühle 15
59394;K+K;Oberstraße 41
59399;Rewe;Grüner Weg 1
59425;Biotop Naturkost;Steinstraße 37
59425;Lidl;Hansastraße 74a
59439;Rewe;Hauptstraße 66
59457;Rewe;Langenwiedenweg 7
59457;Edeka;Unnaer Straße 21
59469;Edeka;Bahnhofstraße 1
59514;Penny;Werler Straße 3
59555;Penny;Wiedenbrücker Straße 50
59557;Aldi;Planckstraße 10
59558;Netto;Ostlandstraße 1
59558;Combi Verbrauchermarkt;Merschweg 100
59581;Netto Marken-Discount;Hauptstraße 104
59581;Reformhaus Janzik;Dieplohstraße 14
59597;Bioladen Stirper Mühle;Am Mühlenwall 11a
59757;Jibi;Sleperstraße 20
59821;Netto;Feldmark 2
59872;Aldi;Le-Puy-Straße 24
59889;Rewe Ihr Kaufpark;Tölckestraße 6
59889;ALDI;Tölckestraße 6
59889;Bioladen Böhmer;Hauptstraße 26a
59909;Markant;Heinrich-Lübke-Straße 23
59909;Teka Ihr Tiefkühlmarkt;Bundesstraße 127
59929;Markant;Bahnhofstraße 18
59939;Rewe;Ruhrufer 20
59939;HIT;Fruges Straße 1
59939;Lidl;Carlsauestraße 16
59939;ALDI;Fruges Straße 2
59964;Aldi Nord;Vopeliusstraße 2-4
65549;Penny;Hospitalstraße 8
